"PassengerId","Survived","Pclass","Sex","Age","SibSp","Parch","Ticket","Fare","Cabin","Embarked","data","hasCabin","segment_age","title","FamilySize"
1,"0",3,"male",22,1,0,"A/5 21171",7.25,"","S","train","0","jove","Mr",2
2,"1",1,"female",38,1,0,"PC 17599",71.2833,"C85","C","train","1","adult","Mrs",2
3,"1",3,"female",26,0,0,"STON/O2. 3101282",7.925,"","S","train","0","jove","Miss",1
4,"1",1,"female",35,1,0,"113803",53.1,"C123","S","train","1","adult","Mrs",2
5,"0",3,"male",35,0,0,"373450",8.05,"","S","train","0","adult","Mr",1
6,"0",3,"male",28,0,0,"330877",8.4583,"","Q","train","0","jove","Mr",1
7,"0",1,"male",54,0,0,"17463",51.8625,"E46","S","train","1","gran","Mr",1
8,"0",3,"male",2,3,1,"349909",21.075,"","S","train","0","nen","Master",5
9,"1",3,"female",27,0,2,"347742",11.1333,"","S","train","0","jove","Mrs",3
10,"1",2,"female",14,1,0,"237736",30.0708,"","C","train","0","nen","Mrs",2
11,"1",3,"female",4,1,1,"PP 9549",16.7,"G6","S","train","1","nen","Miss",3
12,"1",1,"female",58,0,0,"113783",26.55,"C103","S","train","1","gran","Miss",1
13,"0",3,"male",20,0,0,"A/5. 2151",8.05,"","S","train","0","jove","Mr",1
14,"0",3,"male",39,1,5,"347082",31.275,"","S","train","0","adult","Mr",7
15,"0",3,"female",14,0,0,"350406",7.8542,"","S","train","0","nen","Miss",1
16,"1",2,"female",55,0,0,"248706",16,"","S","train","0","gran","Mrs",1
17,"0",3,"male",2,4,1,"382652",29.125,"","Q","train","0","nen","Master",6
18,"1",2,"male",28,0,0,"244373",13,"","S","train","0","jove","Mr",1
19,"0",3,"female",31,1,0,"345763",18,"","S","train","0","adult","Mrs",2
20,"1",3,"female",28,0,0,"2649",7.225,"","C","train","0","jove","Mrs",1
21,"0",2,"male",35,0,0,"239865",26,"","S","train","0","adult","Mr",1
22,"1",2,"male",34,0,0,"248698",13,"D56","S","train","1","adult","Mr",1
23,"1",3,"female",15,0,0,"330923",8.0292,"","Q","train","0","nen","Miss",1
24,"1",1,"male",28,0,0,"113788",35.5,"A6","S","train","1","jove","Mr",1
25,"0",3,"female",8,3,1,"349909",21.075,"","S","train","0","nen","Miss",5
26,"1",3,"female",38,1,5,"347077",31.3875,"","S","train","0","adult","Mrs",7
27,"0",3,"male",28,0,0,"2631",7.225,"","C","train","0","jove","Mr",1
28,"0",1,"male",19,3,2,"19950",263,"C23 C25 C27","S","train","1","nen","Mr",6
29,"1",3,"female",28,0,0,"330959",7.8792,"","Q","train","0","jove","Miss",1
30,"0",3,"male",28,0,0,"349216",7.8958,"","S","train","0","jove","Mr",1
31,"0",1,"male",40,0,0,"PC 17601",27.7208,"","C","train","0","adult-gran","Mr",1
32,"1",1,"female",28,1,0,"PC 17569",146.5208,"B78","C","train","1","jove","Mrs",2
33,"1",3,"female",28,0,0,"335677",7.75,"","Q","train","0","jove","Miss",1
34,"0",2,"male",66,0,0,"C.A. 24579",10.5,"","S","train","0","gran","Mr",1
35,"0",1,"male",28,1,0,"PC 17604",82.1708,"","C","train","0","jove","Mr",2
36,"0",1,"male",42,1,0,"113789",52,"","S","train","0","adult-gran","Mr",2
37,"1",3,"male",28,0,0,"2677",7.2292,"","C","train","0","jove","Mr",1
38,"0",3,"male",21,0,0,"A./5. 2152",8.05,"","S","train","0","jove","Mr",1
39,"0",3,"female",18,2,0,"345764",18,"","S","train","0","nen","Miss",3
40,"1",3,"female",14,1,0,"2651",11.2417,"","C","train","0","nen","Miss",2
41,"0",3,"female",40,1,0,"7546",9.475,"","S","train","0","adult-gran","Mrs",2
42,"0",2,"female",27,1,0,"11668",21,"","S","train","0","jove","Mrs",2
43,"0",3,"male",28,0,0,"349253",7.8958,"","C","train","0","jove","Mr",1
44,"1",2,"female",3,1,2,"SC/Paris 2123",41.5792,"","C","train","0","nen","Miss",4
45,"1",3,"female",19,0,0,"330958",7.8792,"","Q","train","0","nen","Miss",1
46,"0",3,"male",28,0,0,"S.C./A.4. 23567",8.05,"","S","train","0","jove","Mr",1
47,"0",3,"male",28,1,0,"370371",15.5,"","Q","train","0","jove","Mr",2
48,"1",3,"female",28,0,0,"14311",7.75,"","Q","train","0","jove","Miss",1
49,"0",3,"male",28,2,0,"2662",21.6792,"","C","train","0","jove","Mr",3
50,"0",3,"female",18,1,0,"349237",17.8,"","S","train","0","nen","Mrs",2
51,"0",3,"male",7,4,1,"3101295",39.6875,"","S","train","0","nen","Master",6
52,"0",3,"male",21,0,0,"A/4. 39886",7.8,"","S","train","0","jove","Mr",1
53,"1",1,"female",49,1,0,"PC 17572",76.7292,"D33","C","train","1","adult-gran","Mrs",2
54,"1",2,"female",29,1,0,"2926",26,"","S","train","0","jove","Mrs",2
55,"0",1,"male",65,0,1,"113509",61.9792,"B30","C","train","1","gran","Mr",2
56,"1",1,"male",28,0,0,"19947",35.5,"C52","S","train","1","jove","Mr",1
57,"1",2,"female",21,0,0,"C.A. 31026",10.5,"","S","train","0","jove","Miss",1
58,"0",3,"male",28.5,0,0,"2697",7.2292,"","C","train","0","jove","Mr",1
59,"1",2,"female",5,1,2,"C.A. 34651",27.75,"","S","train","0","nen","Miss",4
60,"0",3,"male",11,5,2,"CA 2144",46.9,"","S","train","0","nen","Master",8
61,"0",3,"male",22,0,0,"2669",7.2292,"","C","train","0","jove","Mr",1
62,"1",1,"female",38,0,0,"113572",80,"B28","S","train","1","adult","Miss",1
63,"0",1,"male",45,1,0,"36973",83.475,"C83","S","train","1","adult-gran","Mr",2
64,"0",3,"male",4,3,2,"347088",27.9,"","S","train","0","nen","Master",6
65,"0",1,"male",28,0,0,"PC 17605",27.7208,"","C","train","0","jove","Mr",1
66,"1",3,"male",28,1,1,"2661",15.2458,"","C","train","0","jove","Master",3
67,"1",2,"female",29,0,0,"C.A. 29395",10.5,"F33","S","train","1","jove","Mrs",1
68,"0",3,"male",19,0,0,"S.P. 3464",8.1583,"","S","train","0","nen","Mr",1
69,"1",3,"female",17,4,2,"3101281",7.925,"","S","train","0","nen","Miss",7
70,"0",3,"male",26,2,0,"315151",8.6625,"","S","train","0","jove","Mr",3
71,"0",2,"male",32,0,0,"C.A. 33111",10.5,"","S","train","0","adult","Mr",1
72,"0",3,"female",16,5,2,"CA 2144",46.9,"","S","train","0","nen","Miss",8
73,"0",2,"male",21,0,0,"S.O.C. 14879",73.5,"","S","train","0","jove","Mr",1
74,"0",3,"male",26,1,0,"2680",14.4542,"","C","train","0","jove","Mr",2
75,"1",3,"male",32,0,0,"1601",56.4958,"","S","train","0","adult","Mr",1
76,"0",3,"male",25,0,0,"348123",7.65,"F G73","S","train","1","jove","Mr",1
77,"0",3,"male",28,0,0,"349208",7.8958,"","S","train","0","jove","Mr",1
78,"0",3,"male",28,0,0,"374746",8.05,"","S","train","0","jove","Mr",1
79,"1",2,"male",0.83,0,2,"248738",29,"","S","train","0","nen","Master",3
80,"1",3,"female",30,0,0,"364516",12.475,"","S","train","0","jove","Miss",1
81,"0",3,"male",22,0,0,"345767",9,"","S","train","0","jove","Mr",1
82,"1",3,"male",29,0,0,"345779",9.5,"","S","train","0","jove","Mr",1
83,"1",3,"female",28,0,0,"330932",7.7875,"","Q","train","0","jove","Miss",1
84,"0",1,"male",28,0,0,"113059",47.1,"","S","train","0","jove","Mr",1
85,"1",2,"female",17,0,0,"SO/C 14885",10.5,"","S","train","0","nen","Miss",1
86,"1",3,"female",33,3,0,"3101278",15.85,"","S","train","0","adult","Mrs",4
87,"0",3,"male",16,1,3,"W./C. 6608",34.375,"","S","train","0","nen","Mr",5
88,"0",3,"male",28,0,0,"SOTON/OQ 392086",8.05,"","S","train","0","jove","Mr",1
89,"1",1,"female",23,3,2,"19950",263,"C23 C25 C27","S","train","1","jove","Miss",6
90,"0",3,"male",24,0,0,"343275",8.05,"","S","train","0","jove","Mr",1
91,"0",3,"male",29,0,0,"343276",8.05,"","S","train","0","jove","Mr",1
92,"0",3,"male",20,0,0,"347466",7.8542,"","S","train","0","jove","Mr",1
93,"0",1,"male",46,1,0,"W.E.P. 5734",61.175,"E31","S","train","1","adult-gran","Mr",2
94,"0",3,"male",26,1,2,"C.A. 2315",20.575,"","S","train","0","jove","Mr",4
95,"0",3,"male",59,0,0,"364500",7.25,"","S","train","0","gran","Mr",1
96,"0",3,"male",28,0,0,"374910",8.05,"","S","train","0","jove","Mr",1
97,"0",1,"male",71,0,0,"PC 17754",34.6542,"A5","C","train","1","gran","Mr",1
98,"1",1,"male",23,0,1,"PC 17759",63.3583,"D10 D12","C","train","1","jove","Mr",2
99,"1",2,"female",34,0,1,"231919",23,"","S","train","0","adult","Mrs",2
100,"0",2,"male",34,1,0,"244367",26,"","S","train","0","adult","Mr",2
101,"0",3,"female",28,0,0,"349245",7.8958,"","S","train","0","jove","Miss",1
102,"0",3,"male",28,0,0,"349215",7.8958,"","S","train","0","jove","Mr",1
103,"0",1,"male",21,0,1,"35281",77.2875,"D26","S","train","1","jove","Mr",2
104,"0",3,"male",33,0,0,"7540",8.6542,"","S","train","0","adult","Mr",1
105,"0",3,"male",37,2,0,"3101276",7.925,"","S","train","0","adult","Mr",3
106,"0",3,"male",28,0,0,"349207",7.8958,"","S","train","0","jove","Mr",1
107,"1",3,"female",21,0,0,"343120",7.65,"","S","train","0","jove","Miss",1
108,"1",3,"male",28,0,0,"312991",7.775,"","S","train","0","jove","Mr",1
109,"0",3,"male",38,0,0,"349249",7.8958,"","S","train","0","adult","Mr",1
110,"1",3,"female",28,1,0,"371110",24.15,"","Q","train","0","jove","Miss",2
111,"0",1,"male",47,0,0,"110465",52,"C110","S","train","1","adult-gran","Mr",1
112,"0",3,"female",14.5,1,0,"2665",14.4542,"","C","train","0","nen","Miss",2
113,"0",3,"male",22,0,0,"324669",8.05,"","S","train","0","jove","Mr",1
114,"0",3,"female",20,1,0,"4136",9.825,"","S","train","0","jove","Miss",2
115,"0",3,"female",17,0,0,"2627",14.4583,"","C","train","0","nen","Miss",1
116,"0",3,"male",21,0,0,"STON/O 2. 3101294",7.925,"","S","train","0","jove","Mr",1
117,"0",3,"male",70.5,0,0,"370369",7.75,"","Q","train","0","gran","Mr",1
118,"0",2,"male",29,1,0,"11668",21,"","S","train","0","jove","Mr",2
119,"0",1,"male",24,0,1,"PC 17558",247.5208,"B58 B60","C","train","1","jove","Mr",2
120,"0",3,"female",2,4,2,"347082",31.275,"","S","train","0","nen","Miss",7
121,"0",2,"male",21,2,0,"S.O.C. 14879",73.5,"","S","train","0","jove","Mr",3
122,"0",3,"male",28,0,0,"A4. 54510",8.05,"","S","train","0","jove","Mr",1
123,"0",2,"male",32.5,1,0,"237736",30.0708,"","C","train","0","adult","Mr",2
124,"1",2,"female",32.5,0,0,"27267",13,"E101","S","train","1","adult","Miss",1
125,"0",1,"male",54,0,1,"35281",77.2875,"D26","S","train","1","gran","Mr",2
126,"1",3,"male",12,1,0,"2651",11.2417,"","C","train","0","nen","Master",2
127,"0",3,"male",28,0,0,"370372",7.75,"","Q","train","0","jove","Mr",1
128,"1",3,"male",24,0,0,"C 17369",7.1417,"","S","train","0","jove","Mr",1
129,"1",3,"female",28,1,1,"2668",22.3583,"F E69","C","train","1","jove","Miss",3
130,"0",3,"male",45,0,0,"347061",6.975,"","S","train","0","adult-gran","Mr",1
131,"0",3,"male",33,0,0,"349241",7.8958,"","C","train","0","adult","Mr",1
132,"0",3,"male",20,0,0,"SOTON/O.Q. 3101307",7.05,"","S","train","0","jove","Mr",1
133,"0",3,"female",47,1,0,"A/5. 3337",14.5,"","S","train","0","adult-gran","Mrs",2
134,"1",2,"female",29,1,0,"228414",26,"","S","train","0","jove","Mrs",2
135,"0",2,"male",25,0,0,"C.A. 29178",13,"","S","train","0","jove","Mr",1
136,"0",2,"male",23,0,0,"SC/PARIS 2133",15.0458,"","C","train","0","jove","Mr",1
137,"1",1,"female",19,0,2,"11752",26.2833,"D47","S","train","1","nen","Miss",3
138,"0",1,"male",37,1,0,"113803",53.1,"C123","S","train","1","adult","Mr",2
139,"0",3,"male",16,0,0,"7534",9.2167,"","S","train","0","nen","Mr",1
140,"0",1,"male",24,0,0,"PC 17593",79.2,"B86","C","train","1","jove","Mr",1
141,"0",3,"female",28,0,2,"2678",15.2458,"","C","train","0","jove","Mrs",3
142,"1",3,"female",22,0,0,"347081",7.75,"","S","train","0","jove","Miss",1
143,"1",3,"female",24,1,0,"STON/O2. 3101279",15.85,"","S","train","0","jove","Mrs",2
144,"0",3,"male",19,0,0,"365222",6.75,"","Q","train","0","nen","Mr",1
145,"0",2,"male",18,0,0,"231945",11.5,"","S","train","0","nen","Mr",1
146,"0",2,"male",19,1,1,"C.A. 33112",36.75,"","S","train","0","nen","Mr",3
147,"1",3,"male",27,0,0,"350043",7.7958,"","S","train","0","jove","Mr",1
148,"0",3,"female",9,2,2,"W./C. 6608",34.375,"","S","train","0","nen","Miss",5
149,"0",2,"male",36.5,0,2,"230080",26,"F2","S","train","1","adult","Mr",3
150,"0",2,"male",42,0,0,"244310",13,"","S","train","0","adult-gran","Special",1
151,"0",2,"male",51,0,0,"S.O.P. 1166",12.525,"","S","train","0","adult-gran","Special",1
152,"1",1,"female",22,1,0,"113776",66.6,"C2","S","train","1","jove","Mrs",2
153,"0",3,"male",55.5,0,0,"A.5. 11206",8.05,"","S","train","0","gran","Mr",1
154,"0",3,"male",40.5,0,2,"A/5. 851",14.5,"","S","train","0","adult-gran","Mr",3
155,"0",3,"male",28,0,0,"Fa 265302",7.3125,"","S","train","0","jove","Mr",1
156,"0",1,"male",51,0,1,"PC 17597",61.3792,"","C","train","0","adult-gran","Mr",2
157,"1",3,"female",16,0,0,"35851",7.7333,"","Q","train","0","nen","Miss",1
158,"0",3,"male",30,0,0,"SOTON/OQ 392090",8.05,"","S","train","0","jove","Mr",1
159,"0",3,"male",28,0,0,"315037",8.6625,"","S","train","0","jove","Mr",1
160,"0",3,"male",28,8,2,"CA. 2343",69.55,"","S","train","0","jove","Master",11
161,"0",3,"male",44,0,1,"371362",16.1,"","S","train","0","adult-gran","Mr",2
162,"1",2,"female",40,0,0,"C.A. 33595",15.75,"","S","train","0","adult-gran","Mrs",1
163,"0",3,"male",26,0,0,"347068",7.775,"","S","train","0","jove","Mr",1
164,"0",3,"male",17,0,0,"315093",8.6625,"","S","train","0","nen","Mr",1
165,"0",3,"male",1,4,1,"3101295",39.6875,"","S","train","0","nen","Master",6
166,"1",3,"male",9,0,2,"363291",20.525,"","S","train","0","nen","Master",3
167,"1",1,"female",28,0,1,"113505",55,"E33","S","train","1","jove","Mrs",2
168,"0",3,"female",45,1,4,"347088",27.9,"","S","train","0","adult-gran","Mrs",6
169,"0",1,"male",28,0,0,"PC 17318",25.925,"","S","train","0","jove","Mr",1
170,"0",3,"male",28,0,0,"1601",56.4958,"","S","train","0","jove","Mr",1
171,"0",1,"male",61,0,0,"111240",33.5,"B19","S","train","1","gran","Mr",1
172,"0",3,"male",4,4,1,"382652",29.125,"","Q","train","0","nen","Master",6
173,"1",3,"female",1,1,1,"347742",11.1333,"","S","train","0","nen","Miss",3
174,"0",3,"male",21,0,0,"STON/O 2. 3101280",7.925,"","S","train","0","jove","Mr",1
175,"0",1,"male",56,0,0,"17764",30.6958,"A7","C","train","1","gran","Mr",1
176,"0",3,"male",18,1,1,"350404",7.8542,"","S","train","0","nen","Mr",3
177,"0",3,"male",28,3,1,"4133",25.4667,"","S","train","0","jove","Master",5
178,"0",1,"female",50,0,0,"PC 17595",28.7125,"C49","C","train","1","adult-gran","Miss",1
179,"0",2,"male",30,0,0,"250653",13,"","S","train","0","jove","Mr",1
180,"0",3,"male",36,0,0,"LINE",0,"","S","train","0","adult","Mr",1
181,"0",3,"female",28,8,2,"CA. 2343",69.55,"","S","train","0","jove","Miss",11
182,"0",2,"male",28,0,0,"SC/PARIS 2131",15.05,"","C","train","0","jove","Mr",1
183,"0",3,"male",9,4,2,"347077",31.3875,"","S","train","0","nen","Master",7
184,"1",2,"male",1,2,1,"230136",39,"F4","S","train","1","nen","Master",4
185,"1",3,"female",4,0,2,"315153",22.025,"","S","train","0","nen","Miss",3
186,"0",1,"male",28,0,0,"113767",50,"A32","S","train","1","jove","Mr",1
187,"1",3,"female",28,1,0,"370365",15.5,"","Q","train","0","jove","Mrs",2
188,"1",1,"male",45,0,0,"111428",26.55,"","S","train","0","adult-gran","Mr",1
189,"0",3,"male",40,1,1,"364849",15.5,"","Q","train","0","adult-gran","Mr",3
190,"0",3,"male",36,0,0,"349247",7.8958,"","S","train","0","adult","Mr",1
191,"1",2,"female",32,0,0,"234604",13,"","S","train","0","adult","Mrs",1
192,"0",2,"male",19,0,0,"28424",13,"","S","train","0","nen","Mr",1
193,"1",3,"female",19,1,0,"350046",7.8542,"","S","train","0","nen","Miss",2
194,"1",2,"male",3,1,1,"230080",26,"F2","S","train","1","nen","Master",3
195,"1",1,"female",44,0,0,"PC 17610",27.7208,"B4","C","train","1","adult-gran","Mrs",1
196,"1",1,"female",58,0,0,"PC 17569",146.5208,"B80","C","train","1","gran","Miss",1
197,"0",3,"male",28,0,0,"368703",7.75,"","Q","train","0","jove","Mr",1
198,"0",3,"male",42,0,1,"4579",8.4042,"","S","train","0","adult-gran","Mr",2
199,"1",3,"female",28,0,0,"370370",7.75,"","Q","train","0","jove","Miss",1
200,"0",2,"female",24,0,0,"248747",13,"","S","train","0","jove","Miss",1
201,"0",3,"male",28,0,0,"345770",9.5,"","S","train","0","jove","Mr",1
202,"0",3,"male",28,8,2,"CA. 2343",69.55,"","S","train","0","jove","Mr",11
203,"0",3,"male",34,0,0,"3101264",6.4958,"","S","train","0","adult","Mr",1
204,"0",3,"male",45.5,0,0,"2628",7.225,"","C","train","0","adult-gran","Mr",1
205,"1",3,"male",18,0,0,"A/5 3540",8.05,"","S","train","0","nen","Mr",1
206,"0",3,"female",2,0,1,"347054",10.4625,"G6","S","train","1","nen","Miss",2
207,"0",3,"male",32,1,0,"3101278",15.85,"","S","train","0","adult","Mr",2
208,"1",3,"male",26,0,0,"2699",18.7875,"","C","train","0","jove","Mr",1
209,"1",3,"female",16,0,0,"367231",7.75,"","Q","train","0","nen","Miss",1
210,"1",1,"male",40,0,0,"112277",31,"A31","C","train","1","adult-gran","Mr",1
211,"0",3,"male",24,0,0,"SOTON/O.Q. 3101311",7.05,"","S","train","0","jove","Mr",1
212,"1",2,"female",35,0,0,"F.C.C. 13528",21,"","S","train","0","adult","Miss",1
213,"0",3,"male",22,0,0,"A/5 21174",7.25,"","S","train","0","jove","Mr",1
214,"0",2,"male",30,0,0,"250646",13,"","S","train","0","jove","Mr",1
215,"0",3,"male",28,1,0,"367229",7.75,"","Q","train","0","jove","Mr",2
216,"1",1,"female",31,1,0,"35273",113.275,"D36","C","train","1","adult","Miss",2
217,"1",3,"female",27,0,0,"STON/O2. 3101283",7.925,"","S","train","0","jove","Miss",1
218,"0",2,"male",42,1,0,"243847",27,"","S","train","0","adult-gran","Mr",2
219,"1",1,"female",32,0,0,"11813",76.2917,"D15","C","train","1","adult","Miss",1
220,"0",2,"male",30,0,0,"W/C 14208",10.5,"","S","train","0","jove","Mr",1
221,"1",3,"male",16,0,0,"SOTON/OQ 392089",8.05,"","S","train","0","nen","Mr",1
222,"0",2,"male",27,0,0,"220367",13,"","S","train","0","jove","Mr",1
223,"0",3,"male",51,0,0,"21440",8.05,"","S","train","0","adult-gran","Mr",1
224,"0",3,"male",28,0,0,"349234",7.8958,"","S","train","0","jove","Mr",1
225,"1",1,"male",38,1,0,"19943",90,"C93","S","train","1","adult","Mr",2
226,"0",3,"male",22,0,0,"PP 4348",9.35,"","S","train","0","jove","Mr",1
227,"1",2,"male",19,0,0,"SW/PP 751",10.5,"","S","train","0","nen","Mr",1
228,"0",3,"male",20.5,0,0,"A/5 21173",7.25,"","S","train","0","jove","Mr",1
229,"0",2,"male",18,0,0,"236171",13,"","S","train","0","nen","Mr",1
230,"0",3,"female",28,3,1,"4133",25.4667,"","S","train","0","jove","Miss",5
231,"1",1,"female",35,1,0,"36973",83.475,"C83","S","train","1","adult","Mrs",2
232,"0",3,"male",29,0,0,"347067",7.775,"","S","train","0","jove","Mr",1
233,"0",2,"male",59,0,0,"237442",13.5,"","S","train","0","gran","Mr",1
234,"1",3,"female",5,4,2,"347077",31.3875,"","S","train","0","nen","Miss",7
235,"0",2,"male",24,0,0,"C.A. 29566",10.5,"","S","train","0","jove","Mr",1
236,"0",3,"female",28,0,0,"W./C. 6609",7.55,"","S","train","0","jove","Miss",1
237,"0",2,"male",44,1,0,"26707",26,"","S","train","0","adult-gran","Mr",2
238,"1",2,"female",8,0,2,"C.A. 31921",26.25,"","S","train","0","nen","Miss",3
239,"0",2,"male",19,0,0,"28665",10.5,"","S","train","0","nen","Mr",1
240,"0",2,"male",33,0,0,"SCO/W 1585",12.275,"","S","train","0","adult","Mr",1
241,"0",3,"female",28,1,0,"2665",14.4542,"","C","train","0","jove","Miss",2
242,"1",3,"female",28,1,0,"367230",15.5,"","Q","train","0","jove","Miss",2
243,"0",2,"male",29,0,0,"W./C. 14263",10.5,"","S","train","0","jove","Mr",1
244,"0",3,"male",22,0,0,"STON/O 2. 3101275",7.125,"","S","train","0","jove","Mr",1
245,"0",3,"male",30,0,0,"2694",7.225,"","C","train","0","jove","Mr",1
246,"0",1,"male",44,2,0,"19928",90,"C78","Q","train","1","adult-gran","Special",3
247,"0",3,"female",25,0,0,"347071",7.775,"","S","train","0","jove","Miss",1
248,"1",2,"female",24,0,2,"250649",14.5,"","S","train","0","jove","Mrs",3
249,"1",1,"male",37,1,1,"11751",52.5542,"D35","S","train","1","adult","Mr",3
250,"0",2,"male",54,1,0,"244252",26,"","S","train","0","gran","Special",2
251,"0",3,"male",28,0,0,"362316",7.25,"","S","train","0","jove","Mr",1
252,"0",3,"female",29,1,1,"347054",10.4625,"G6","S","train","1","jove","Mrs",3
253,"0",1,"male",62,0,0,"113514",26.55,"C87","S","train","1","gran","Mr",1
254,"0",3,"male",30,1,0,"A/5. 3336",16.1,"","S","train","0","jove","Mr",2
255,"0",3,"female",41,0,2,"370129",20.2125,"","S","train","0","adult-gran","Mrs",3
256,"1",3,"female",29,0,2,"2650",15.2458,"","C","train","0","jove","Mrs",3
257,"1",1,"female",28,0,0,"PC 17585",79.2,"","C","train","0","jove","Mrs",1
258,"1",1,"female",30,0,0,"110152",86.5,"B77","S","train","1","jove","Miss",1
259,"1",1,"female",35,0,0,"PC 17755",512.3292,"","C","train","0","adult","Miss",1
260,"1",2,"female",50,0,1,"230433",26,"","S","train","0","adult-gran","Mrs",2
261,"0",3,"male",28,0,0,"384461",7.75,"","Q","train","0","jove","Mr",1
262,"1",3,"male",3,4,2,"347077",31.3875,"","S","train","0","nen","Master",7
263,"0",1,"male",52,1,1,"110413",79.65,"E67","S","train","1","adult-gran","Mr",3
264,"0",1,"male",40,0,0,"112059",0,"B94","S","train","1","adult-gran","Mr",1
265,"0",3,"female",28,0,0,"382649",7.75,"","Q","train","0","jove","Miss",1
266,"0",2,"male",36,0,0,"C.A. 17248",10.5,"","S","train","0","adult","Mr",1
267,"0",3,"male",16,4,1,"3101295",39.6875,"","S","train","0","nen","Mr",6
268,"1",3,"male",25,1,0,"347083",7.775,"","S","train","0","jove","Mr",2
269,"1",1,"female",58,0,1,"PC 17582",153.4625,"C125","S","train","1","gran","Mrs",2
270,"1",1,"female",35,0,0,"PC 17760",135.6333,"C99","S","train","1","adult","Miss",1
271,"0",1,"male",28,0,0,"113798",31,"","S","train","0","jove","Mr",1
272,"1",3,"male",25,0,0,"LINE",0,"","S","train","0","jove","Mr",1
273,"1",2,"female",41,0,1,"250644",19.5,"","S","train","0","adult-gran","Mrs",2
274,"0",1,"male",37,0,1,"PC 17596",29.7,"C118","C","train","1","adult","Mr",2
275,"1",3,"female",28,0,0,"370375",7.75,"","Q","train","0","jove","Miss",1
276,"1",1,"female",63,1,0,"13502",77.9583,"D7","S","train","1","gran","Miss",2
277,"0",3,"female",45,0,0,"347073",7.75,"","S","train","0","adult-gran","Miss",1
278,"0",2,"male",28,0,0,"239853",0,"","S","train","0","jove","Mr",1
279,"0",3,"male",7,4,1,"382652",29.125,"","Q","train","0","nen","Master",6
280,"1",3,"female",35,1,1,"C.A. 2673",20.25,"","S","train","0","adult","Mrs",3
281,"0",3,"male",65,0,0,"336439",7.75,"","Q","train","0","gran","Mr",1
282,"0",3,"male",28,0,0,"347464",7.8542,"","S","train","0","jove","Mr",1
283,"0",3,"male",16,0,0,"345778",9.5,"","S","train","0","nen","Mr",1
284,"1",3,"male",19,0,0,"A/5. 10482",8.05,"","S","train","0","nen","Mr",1
285,"0",1,"male",28,0,0,"113056",26,"A19","S","train","1","jove","Mr",1
286,"0",3,"male",33,0,0,"349239",8.6625,"","C","train","0","adult","Mr",1
287,"1",3,"male",30,0,0,"345774",9.5,"","S","train","0","jove","Mr",1
288,"0",3,"male",22,0,0,"349206",7.8958,"","S","train","0","jove","Mr",1
289,"1",2,"male",42,0,0,"237798",13,"","S","train","0","adult-gran","Mr",1
290,"1",3,"female",22,0,0,"370373",7.75,"","Q","train","0","jove","Miss",1
291,"1",1,"female",26,0,0,"19877",78.85,"","S","train","0","jove","Miss",1
292,"1",1,"female",19,1,0,"11967",91.0792,"B49","C","train","1","nen","Mrs",2
293,"0",2,"male",36,0,0,"SC/Paris 2163",12.875,"D","C","train","1","adult","Mr",1
294,"0",3,"female",24,0,0,"349236",8.85,"","S","train","0","jove","Miss",1
295,"0",3,"male",24,0,0,"349233",7.8958,"","S","train","0","jove","Mr",1
296,"0",1,"male",28,0,0,"PC 17612",27.7208,"","C","train","0","jove","Mr",1
297,"0",3,"male",23.5,0,0,"2693",7.2292,"","C","train","0","jove","Mr",1
298,"0",1,"female",2,1,2,"113781",151.55,"C22 C26","S","train","1","nen","Miss",4
299,"1",1,"male",28,0,0,"19988",30.5,"C106","S","train","1","jove","Mr",1
300,"1",1,"female",50,0,1,"PC 17558",247.5208,"B58 B60","C","train","1","adult-gran","Mrs",2
301,"1",3,"female",28,0,0,"9234",7.75,"","Q","train","0","jove","Miss",1
302,"1",3,"male",28,2,0,"367226",23.25,"","Q","train","0","jove","Mr",3
303,"0",3,"male",19,0,0,"LINE",0,"","S","train","0","nen","Mr",1
304,"1",2,"female",28,0,0,"226593",12.35,"E101","Q","train","1","jove","Miss",1
305,"0",3,"male",28,0,0,"A/5 2466",8.05,"","S","train","0","jove","Mr",1
306,"1",1,"male",0.92,1,2,"113781",151.55,"C22 C26","S","train","1","nen","Master",4
307,"1",1,"female",28,0,0,"17421",110.8833,"","C","train","0","jove","Miss",1
308,"1",1,"female",17,1,0,"PC 17758",108.9,"C65","C","train","1","nen","Mrs",2
309,"0",2,"male",30,1,0,"P/PP 3381",24,"","C","train","0","jove","Mr",2
310,"1",1,"female",30,0,0,"PC 17485",56.9292,"E36","C","train","1","jove","Miss",1
311,"1",1,"female",24,0,0,"11767",83.1583,"C54","C","train","1","jove","Miss",1
312,"1",1,"female",18,2,2,"PC 17608",262.375,"B57 B59 B63 B66","C","train","1","nen","Miss",5
313,"0",2,"female",26,1,1,"250651",26,"","S","train","0","jove","Mrs",3
314,"0",3,"male",28,0,0,"349243",7.8958,"","S","train","0","jove","Mr",1
315,"0",2,"male",43,1,1,"F.C.C. 13529",26.25,"","S","train","0","adult-gran","Mr",3
316,"1",3,"female",26,0,0,"347470",7.8542,"","S","train","0","jove","Miss",1
317,"1",2,"female",24,1,0,"244367",26,"","S","train","0","jove","Mrs",2
318,"0",2,"male",54,0,0,"29011",14,"","S","train","0","gran","Special",1
319,"1",1,"female",31,0,2,"36928",164.8667,"C7","S","train","1","adult","Miss",3
320,"1",1,"female",40,1,1,"16966",134.5,"E34","C","train","1","adult-gran","Mrs",3
321,"0",3,"male",22,0,0,"A/5 21172",7.25,"","S","train","0","jove","Mr",1
322,"0",3,"male",27,0,0,"349219",7.8958,"","S","train","0","jove","Mr",1
323,"1",2,"female",30,0,0,"234818",12.35,"","Q","train","0","jove","Miss",1
324,"1",2,"female",22,1,1,"248738",29,"","S","train","0","jove","Mrs",3
325,"0",3,"male",28,8,2,"CA. 2343",69.55,"","S","train","0","jove","Mr",11
326,"1",1,"female",36,0,0,"PC 17760",135.6333,"C32","C","train","1","adult","Miss",1
327,"0",3,"male",61,0,0,"345364",6.2375,"","S","train","0","gran","Mr",1
328,"1",2,"female",36,0,0,"28551",13,"D","S","train","1","adult","Mrs",1
329,"1",3,"female",31,1,1,"363291",20.525,"","S","train","0","adult","Mrs",3
330,"1",1,"female",16,0,1,"111361",57.9792,"B18","C","train","1","nen","Miss",2
331,"1",3,"female",28,2,0,"367226",23.25,"","Q","train","0","jove","Miss",3
332,"0",1,"male",45.5,0,0,"113043",28.5,"C124","S","train","1","adult-gran","Mr",1
333,"0",1,"male",38,0,1,"PC 17582",153.4625,"C91","S","train","1","adult","Mr",2
334,"0",3,"male",16,2,0,"345764",18,"","S","train","0","nen","Mr",3
335,"1",1,"female",28,1,0,"PC 17611",133.65,"","S","train","0","jove","Mrs",2
336,"0",3,"male",28,0,0,"349225",7.8958,"","S","train","0","jove","Mr",1
337,"0",1,"male",29,1,0,"113776",66.6,"C2","S","train","1","jove","Mr",2
338,"1",1,"female",41,0,0,"16966",134.5,"E40","C","train","1","adult-gran","Miss",1
339,"1",3,"male",45,0,0,"7598",8.05,"","S","train","0","adult-gran","Mr",1
340,"0",1,"male",45,0,0,"113784",35.5,"T","S","train","1","adult-gran","Mr",1
341,"1",2,"male",2,1,1,"230080",26,"F2","S","train","1","nen","Master",3
342,"1",1,"female",24,3,2,"19950",263,"C23 C25 C27","S","train","1","jove","Miss",6
343,"0",2,"male",28,0,0,"248740",13,"","S","train","0","jove","Mr",1
344,"0",2,"male",25,0,0,"244361",13,"","S","train","0","jove","Mr",1
345,"0",2,"male",36,0,0,"229236",13,"","S","train","0","adult","Mr",1
346,"1",2,"female",24,0,0,"248733",13,"F33","S","train","1","jove","Miss",1
347,"1",2,"female",40,0,0,"31418",13,"","S","train","0","adult-gran","Miss",1
348,"1",3,"female",28,1,0,"386525",16.1,"","S","train","0","jove","Mrs",2
349,"1",3,"male",3,1,1,"C.A. 37671",15.9,"","S","train","0","nen","Master",3
350,"0",3,"male",42,0,0,"315088",8.6625,"","S","train","0","adult-gran","Mr",1
351,"0",3,"male",23,0,0,"7267",9.225,"","S","train","0","jove","Mr",1
352,"0",1,"male",28,0,0,"113510",35,"C128","S","train","1","jove","Mr",1
353,"0",3,"male",15,1,1,"2695",7.2292,"","C","train","0","nen","Mr",3
354,"0",3,"male",25,1,0,"349237",17.8,"","S","train","0","jove","Mr",2
355,"0",3,"male",28,0,0,"2647",7.225,"","C","train","0","jove","Mr",1
356,"0",3,"male",28,0,0,"345783",9.5,"","S","train","0","jove","Mr",1
357,"1",1,"female",22,0,1,"113505",55,"E33","S","train","1","jove","Miss",2
358,"0",2,"female",38,0,0,"237671",13,"","S","train","0","adult","Miss",1
359,"1",3,"female",28,0,0,"330931",7.8792,"","Q","train","0","jove","Miss",1
360,"1",3,"female",28,0,0,"330980",7.8792,"","Q","train","0","jove","Miss",1
361,"0",3,"male",40,1,4,"347088",27.9,"","S","train","0","adult-gran","Mr",6
362,"0",2,"male",29,1,0,"SC/PARIS 2167",27.7208,"","C","train","0","jove","Mr",2
363,"0",3,"female",45,0,1,"2691",14.4542,"","C","train","0","adult-gran","Mrs",2
364,"0",3,"male",35,0,0,"SOTON/O.Q. 3101310",7.05,"","S","train","0","adult","Mr",1
365,"0",3,"male",28,1,0,"370365",15.5,"","Q","train","0","jove","Mr",2
366,"0",3,"male",30,0,0,"C 7076",7.25,"","S","train","0","jove","Mr",1
367,"1",1,"female",60,1,0,"110813",75.25,"D37","C","train","1","gran","Mrs",2
368,"1",3,"female",28,0,0,"2626",7.2292,"","C","train","0","jove","Mrs",1
369,"1",3,"female",28,0,0,"14313",7.75,"","Q","train","0","jove","Miss",1
370,"1",1,"female",24,0,0,"PC 17477",69.3,"B35","C","train","1","jove","Special",1
371,"1",1,"male",25,1,0,"11765",55.4417,"E50","C","train","1","jove","Mr",2
372,"0",3,"male",18,1,0,"3101267",6.4958,"","S","train","0","nen","Mr",2
373,"0",3,"male",19,0,0,"323951",8.05,"","S","train","0","nen","Mr",1
374,"0",1,"male",22,0,0,"PC 17760",135.6333,"","C","train","0","jove","Mr",1
375,"0",3,"female",3,3,1,"349909",21.075,"","S","train","0","nen","Miss",5
376,"1",1,"female",28,1,0,"PC 17604",82.1708,"","C","train","0","jove","Mrs",2
377,"1",3,"female",22,0,0,"C 7077",7.25,"","S","train","0","jove","Miss",1
378,"0",1,"male",27,0,2,"113503",211.5,"C82","C","train","1","jove","Mr",3
379,"0",3,"male",20,0,0,"2648",4.0125,"","C","train","0","jove","Mr",1
380,"0",3,"male",19,0,0,"347069",7.775,"","S","train","0","nen","Mr",1
381,"1",1,"female",42,0,0,"PC 17757",227.525,"","C","train","0","adult-gran","Miss",1
382,"1",3,"female",1,0,2,"2653",15.7417,"","C","train","0","nen","Miss",3
383,"0",3,"male",32,0,0,"STON/O 2. 3101293",7.925,"","S","train","0","adult","Mr",1
384,"1",1,"female",35,1,0,"113789",52,"","S","train","0","adult","Mrs",2
385,"0",3,"male",28,0,0,"349227",7.8958,"","S","train","0","jove","Mr",1
386,"0",2,"male",18,0,0,"S.O.C. 14879",73.5,"","S","train","0","nen","Mr",1
387,"0",3,"male",1,5,2,"CA 2144",46.9,"","S","train","0","nen","Master",8
388,"1",2,"female",36,0,0,"27849",13,"","S","train","0","adult","Miss",1
389,"0",3,"male",28,0,0,"367655",7.7292,"","Q","train","0","jove","Mr",1
390,"1",2,"female",17,0,0,"SC 1748",12,"","C","train","0","nen","Miss",1
391,"1",1,"male",36,1,2,"113760",120,"B96 B98","S","train","1","adult","Mr",4
392,"1",3,"male",21,0,0,"350034",7.7958,"","S","train","0","jove","Mr",1
393,"0",3,"male",28,2,0,"3101277",7.925,"","S","train","0","jove","Mr",3
394,"1",1,"female",23,1,0,"35273",113.275,"D36","C","train","1","jove","Miss",2
395,"1",3,"female",24,0,2,"PP 9549",16.7,"G6","S","train","1","jove","Mrs",3
396,"0",3,"male",22,0,0,"350052",7.7958,"","S","train","0","jove","Mr",1
397,"0",3,"female",31,0,0,"350407",7.8542,"","S","train","0","adult","Miss",1
398,"0",2,"male",46,0,0,"28403",26,"","S","train","0","adult-gran","Mr",1
399,"0",2,"male",23,0,0,"244278",10.5,"","S","train","0","jove","Special",1
400,"1",2,"female",28,0,0,"240929",12.65,"","S","train","0","jove","Mrs",1
401,"1",3,"male",39,0,0,"STON/O 2. 3101289",7.925,"","S","train","0","adult","Mr",1
402,"0",3,"male",26,0,0,"341826",8.05,"","S","train","0","jove","Mr",1
403,"0",3,"female",21,1,0,"4137",9.825,"","S","train","0","jove","Miss",2
404,"0",3,"male",28,1,0,"STON/O2. 3101279",15.85,"","S","train","0","jove","Mr",2
405,"0",3,"female",20,0,0,"315096",8.6625,"","S","train","0","jove","Miss",1
406,"0",2,"male",34,1,0,"28664",21,"","S","train","0","adult","Mr",2
407,"0",3,"male",51,0,0,"347064",7.75,"","S","train","0","adult-gran","Mr",1
408,"1",2,"male",3,1,1,"29106",18.75,"","S","train","0","nen","Master",3
409,"0",3,"male",21,0,0,"312992",7.775,"","S","train","0","jove","Mr",1
410,"0",3,"female",28,3,1,"4133",25.4667,"","S","train","0","jove","Miss",5
411,"0",3,"male",28,0,0,"349222",7.8958,"","S","train","0","jove","Mr",1
412,"0",3,"male",28,0,0,"394140",6.8583,"","Q","train","0","jove","Mr",1
413,"1",1,"female",33,1,0,"19928",90,"C78","Q","train","1","adult","Miss",2
414,"0",2,"male",28,0,0,"239853",0,"","S","train","0","jove","Mr",1
415,"1",3,"male",44,0,0,"STON/O 2. 3101269",7.925,"","S","train","0","adult-gran","Mr",1
416,"0",3,"female",28,0,0,"343095",8.05,"","S","train","0","jove","Mrs",1
417,"1",2,"female",34,1,1,"28220",32.5,"","S","train","0","adult","Mrs",3
418,"1",2,"female",18,0,2,"250652",13,"","S","train","0","nen","Miss",3
419,"0",2,"male",30,0,0,"28228",13,"","S","train","0","jove","Mr",1
420,"0",3,"female",10,0,2,"345773",24.15,"","S","train","0","nen","Miss",3
421,"0",3,"male",28,0,0,"349254",7.8958,"","C","train","0","jove","Mr",1
422,"0",3,"male",21,0,0,"A/5. 13032",7.7333,"","Q","train","0","jove","Mr",1
423,"0",3,"male",29,0,0,"315082",7.875,"","S","train","0","jove","Mr",1
424,"0",3,"female",28,1,1,"347080",14.4,"","S","train","0","jove","Mrs",3
425,"0",3,"male",18,1,1,"370129",20.2125,"","S","train","0","nen","Mr",3
426,"0",3,"male",28,0,0,"A/4. 34244",7.25,"","S","train","0","jove","Mr",1
427,"1",2,"female",28,1,0,"2003",26,"","S","train","0","jove","Mrs",2
428,"1",2,"female",19,0,0,"250655",26,"","S","train","0","nen","Miss",1
429,"0",3,"male",28,0,0,"364851",7.75,"","Q","train","0","jove","Mr",1
430,"1",3,"male",32,0,0,"SOTON/O.Q. 392078",8.05,"E10","S","train","1","adult","Mr",1
431,"1",1,"male",28,0,0,"110564",26.55,"C52","S","train","1","jove","Mr",1
432,"1",3,"female",28,1,0,"376564",16.1,"","S","train","0","jove","Mrs",2
433,"1",2,"female",42,1,0,"SC/AH 3085",26,"","S","train","0","adult-gran","Mrs",2
434,"0",3,"male",17,0,0,"STON/O 2. 3101274",7.125,"","S","train","0","nen","Mr",1
435,"0",1,"male",50,1,0,"13507",55.9,"E44","S","train","1","adult-gran","Mr",2
436,"1",1,"female",14,1,2,"113760",120,"B96 B98","S","train","1","nen","Miss",4
437,"0",3,"female",21,2,2,"W./C. 6608",34.375,"","S","train","0","jove","Miss",5
438,"1",2,"female",24,2,3,"29106",18.75,"","S","train","0","jove","Mrs",6
439,"0",1,"male",64,1,4,"19950",263,"C23 C25 C27","S","train","1","gran","Mr",6
440,"0",2,"male",31,0,0,"C.A. 18723",10.5,"","S","train","0","adult","Mr",1
441,"1",2,"female",45,1,1,"F.C.C. 13529",26.25,"","S","train","0","adult-gran","Mrs",3
442,"0",3,"male",20,0,0,"345769",9.5,"","S","train","0","jove","Mr",1
443,"0",3,"male",25,1,0,"347076",7.775,"","S","train","0","jove","Mr",2
444,"1",2,"female",28,0,0,"230434",13,"","S","train","0","jove","Miss",1
445,"1",3,"male",28,0,0,"65306",8.1125,"","S","train","0","jove","Mr",1
446,"1",1,"male",4,0,2,"33638",81.8583,"A34","S","train","1","nen","Master",3
447,"1",2,"female",13,0,1,"250644",19.5,"","S","train","0","nen","Miss",2
448,"1",1,"male",34,0,0,"113794",26.55,"","S","train","0","adult","Mr",1
449,"1",3,"female",5,2,1,"2666",19.2583,"","C","train","0","nen","Miss",4
450,"1",1,"male",52,0,0,"113786",30.5,"C104","S","train","1","adult-gran","Special",1
451,"0",2,"male",36,1,2,"C.A. 34651",27.75,"","S","train","0","adult","Mr",4
452,"0",3,"male",28,1,0,"65303",19.9667,"","S","train","0","jove","Mr",2
453,"0",1,"male",30,0,0,"113051",27.75,"C111","C","train","1","jove","Mr",1
454,"1",1,"male",49,1,0,"17453",89.1042,"C92","C","train","1","adult-gran","Mr",2
455,"0",3,"male",28,0,0,"A/5 2817",8.05,"","S","train","0","jove","Mr",1
456,"1",3,"male",29,0,0,"349240",7.8958,"","C","train","0","jove","Mr",1
457,"0",1,"male",65,0,0,"13509",26.55,"E38","S","train","1","gran","Mr",1
458,"1",1,"female",28,1,0,"17464",51.8625,"D21","S","train","1","jove","Mrs",2
459,"1",2,"female",50,0,0,"F.C.C. 13531",10.5,"","S","train","0","adult-gran","Miss",1
460,"0",3,"male",28,0,0,"371060",7.75,"","Q","train","0","jove","Mr",1
461,"1",1,"male",48,0,0,"19952",26.55,"E12","S","train","1","adult-gran","Mr",1
462,"0",3,"male",34,0,0,"364506",8.05,"","S","train","0","adult","Mr",1
463,"0",1,"male",47,0,0,"111320",38.5,"E63","S","train","1","adult-gran","Mr",1
464,"0",2,"male",48,0,0,"234360",13,"","S","train","0","adult-gran","Mr",1
465,"0",3,"male",28,0,0,"A/S 2816",8.05,"","S","train","0","jove","Mr",1
466,"0",3,"male",38,0,0,"SOTON/O.Q. 3101306",7.05,"","S","train","0","adult","Mr",1
467,"0",2,"male",28,0,0,"239853",0,"","S","train","0","jove","Mr",1
468,"0",1,"male",56,0,0,"113792",26.55,"","S","train","0","gran","Mr",1
469,"0",3,"male",28,0,0,"36209",7.725,"","Q","train","0","jove","Mr",1
470,"1",3,"female",0.75,2,1,"2666",19.2583,"","C","train","0","nen","Miss",4
471,"0",3,"male",28,0,0,"323592",7.25,"","S","train","0","jove","Mr",1
472,"0",3,"male",38,0,0,"315089",8.6625,"","S","train","0","adult","Mr",1
473,"1",2,"female",33,1,2,"C.A. 34651",27.75,"","S","train","0","adult","Mrs",4
474,"1",2,"female",23,0,0,"SC/AH Basle 541",13.7917,"D","C","train","1","jove","Mrs",1
475,"0",3,"female",22,0,0,"7553",9.8375,"","S","train","0","jove","Miss",1
476,"0",1,"male",28,0,0,"110465",52,"A14","S","train","1","jove","Mr",1
477,"0",2,"male",34,1,0,"31027",21,"","S","train","0","adult","Mr",2
478,"0",3,"male",29,1,0,"3460",7.0458,"","S","train","0","jove","Mr",2
479,"0",3,"male",22,0,0,"350060",7.5208,"","S","train","0","jove","Mr",1
480,"1",3,"female",2,0,1,"3101298",12.2875,"","S","train","0","nen","Miss",2
481,"0",3,"male",9,5,2,"CA 2144",46.9,"","S","train","0","nen","Master",8
482,"0",2,"male",28,0,0,"239854",0,"","S","train","0","jove","Mr",1
483,"0",3,"male",50,0,0,"A/5 3594",8.05,"","S","train","0","adult-gran","Mr",1
484,"1",3,"female",63,0,0,"4134",9.5875,"","S","train","0","gran","Mrs",1
485,"1",1,"male",25,1,0,"11967",91.0792,"B49","C","train","1","jove","Mr",2
486,"0",3,"female",28,3,1,"4133",25.4667,"","S","train","0","jove","Miss",5
487,"1",1,"female",35,1,0,"19943",90,"C93","S","train","1","adult","Mrs",2
488,"0",1,"male",58,0,0,"11771",29.7,"B37","C","train","1","gran","Mr",1
489,"0",3,"male",30,0,0,"A.5. 18509",8.05,"","S","train","0","jove","Mr",1
490,"1",3,"male",9,1,1,"C.A. 37671",15.9,"","S","train","0","nen","Master",3
491,"0",3,"male",28,1,0,"65304",19.9667,"","S","train","0","jove","Mr",2
492,"0",3,"male",21,0,0,"SOTON/OQ 3101317",7.25,"","S","train","0","jove","Mr",1
493,"0",1,"male",55,0,0,"113787",30.5,"C30","S","train","1","gran","Mr",1
494,"0",1,"male",71,0,0,"PC 17609",49.5042,"","C","train","0","gran","Mr",1
495,"0",3,"male",21,0,0,"A/4 45380",8.05,"","S","train","0","jove","Mr",1
496,"0",3,"male",28,0,0,"2627",14.4583,"","C","train","0","jove","Mr",1
497,"1",1,"female",54,1,0,"36947",78.2667,"D20","C","train","1","gran","Miss",2
498,"0",3,"male",28,0,0,"C.A. 6212",15.1,"","S","train","0","jove","Mr",1
499,"0",1,"female",25,1,2,"113781",151.55,"C22 C26","S","train","1","jove","Mrs",4
500,"0",3,"male",24,0,0,"350035",7.7958,"","S","train","0","jove","Mr",1
501,"0",3,"male",17,0,0,"315086",8.6625,"","S","train","0","nen","Mr",1
502,"0",3,"female",21,0,0,"364846",7.75,"","Q","train","0","jove","Miss",1
503,"0",3,"female",28,0,0,"330909",7.6292,"","Q","train","0","jove","Miss",1
504,"0",3,"female",37,0,0,"4135",9.5875,"","S","train","0","adult","Miss",1
505,"1",1,"female",16,0,0,"110152",86.5,"B79","S","train","1","nen","Miss",1
506,"0",1,"male",18,1,0,"PC 17758",108.9,"C65","C","train","1","nen","Mr",2
507,"1",2,"female",33,0,2,"26360",26,"","S","train","0","adult","Mrs",3
508,"1",1,"male",28,0,0,"111427",26.55,"","S","train","0","jove","Mr",1
509,"0",3,"male",28,0,0,"C 4001",22.525,"","S","train","0","jove","Mr",1
510,"1",3,"male",26,0,0,"1601",56.4958,"","S","train","0","jove","Mr",1
511,"1",3,"male",29,0,0,"382651",7.75,"","Q","train","0","jove","Mr",1
512,"0",3,"male",28,0,0,"SOTON/OQ 3101316",8.05,"","S","train","0","jove","Mr",1
513,"1",1,"male",36,0,0,"PC 17473",26.2875,"E25","S","train","1","adult","Mr",1
514,"1",1,"female",54,1,0,"PC 17603",59.4,"","C","train","0","gran","Mrs",2
515,"0",3,"male",24,0,0,"349209",7.4958,"","S","train","0","jove","Mr",1
516,"0",1,"male",47,0,0,"36967",34.0208,"D46","S","train","1","adult-gran","Mr",1
517,"1",2,"female",34,0,0,"C.A. 34260",10.5,"F33","S","train","1","adult","Mrs",1
518,"0",3,"male",28,0,0,"371110",24.15,"","Q","train","0","jove","Mr",1
519,"1",2,"female",36,1,0,"226875",26,"","S","train","0","adult","Mrs",2
520,"0",3,"male",32,0,0,"349242",7.8958,"","S","train","0","adult","Mr",1
521,"1",1,"female",30,0,0,"12749",93.5,"B73","S","train","1","jove","Miss",1
522,"0",3,"male",22,0,0,"349252",7.8958,"","S","train","0","jove","Mr",1
523,"0",3,"male",28,0,0,"2624",7.225,"","C","train","0","jove","Mr",1
524,"1",1,"female",44,0,1,"111361",57.9792,"B18","C","train","1","adult-gran","Mrs",2
525,"0",3,"male",28,0,0,"2700",7.2292,"","C","train","0","jove","Mr",1
526,"0",3,"male",40.5,0,0,"367232",7.75,"","Q","train","0","adult-gran","Mr",1
527,"1",2,"female",50,0,0,"W./C. 14258",10.5,"","S","train","0","adult-gran","Miss",1
528,"0",1,"male",28,0,0,"PC 17483",221.7792,"C95","S","train","1","jove","Mr",1
529,"0",3,"male",39,0,0,"3101296",7.925,"","S","train","0","adult","Mr",1
530,"0",2,"male",23,2,1,"29104",11.5,"","S","train","0","jove","Mr",4
531,"1",2,"female",2,1,1,"26360",26,"","S","train","0","nen","Miss",3
532,"0",3,"male",28,0,0,"2641",7.2292,"","C","train","0","jove","Mr",1
533,"0",3,"male",17,1,1,"2690",7.2292,"","C","train","0","nen","Mr",3
534,"1",3,"female",28,0,2,"2668",22.3583,"","C","train","0","jove","Mrs",3
535,"0",3,"female",30,0,0,"315084",8.6625,"","S","train","0","jove","Miss",1
536,"1",2,"female",7,0,2,"F.C.C. 13529",26.25,"","S","train","0","nen","Miss",3
537,"0",1,"male",45,0,0,"113050",26.55,"B38","S","train","1","adult-gran","Special",1
538,"1",1,"female",30,0,0,"PC 17761",106.425,"","C","train","0","jove","Miss",1
539,"0",3,"male",28,0,0,"364498",14.5,"","S","train","0","jove","Mr",1
540,"1",1,"female",22,0,2,"13568",49.5,"B39","C","train","1","jove","Miss",3
541,"1",1,"female",36,0,2,"WE/P 5735",71,"B22","S","train","1","adult","Miss",3
542,"0",3,"female",9,4,2,"347082",31.275,"","S","train","0","nen","Miss",7
543,"0",3,"female",11,4,2,"347082",31.275,"","S","train","0","nen","Miss",7
544,"1",2,"male",32,1,0,"2908",26,"","S","train","0","adult","Mr",2
545,"0",1,"male",50,1,0,"PC 17761",106.425,"C86","C","train","1","adult-gran","Mr",2
546,"0",1,"male",64,0,0,"693",26,"","S","train","0","gran","Mr",1
547,"1",2,"female",19,1,0,"2908",26,"","S","train","0","nen","Mrs",2
548,"1",2,"male",28,0,0,"SC/PARIS 2146",13.8625,"","C","train","0","jove","Mr",1
549,"0",3,"male",33,1,1,"363291",20.525,"","S","train","0","adult","Mr",3
550,"1",2,"male",8,1,1,"C.A. 33112",36.75,"","S","train","0","nen","Master",3
551,"1",1,"male",17,0,2,"17421",110.8833,"C70","C","train","1","nen","Mr",3
552,"0",2,"male",27,0,0,"244358",26,"","S","train","0","jove","Mr",1
553,"0",3,"male",28,0,0,"330979",7.8292,"","Q","train","0","jove","Mr",1
554,"1",3,"male",22,0,0,"2620",7.225,"","C","train","0","jove","Mr",1
555,"1",3,"female",22,0,0,"347085",7.775,"","S","train","0","jove","Miss",1
556,"0",1,"male",62,0,0,"113807",26.55,"","S","train","0","gran","Mr",1
557,"1",1,"female",48,1,0,"11755",39.6,"A16","C","train","1","adult-gran","Mrs",2
558,"0",1,"male",28,0,0,"PC 17757",227.525,"","C","train","0","jove","Mr",1
559,"1",1,"female",39,1,1,"110413",79.65,"E67","S","train","1","adult","Mrs",3
560,"1",3,"female",36,1,0,"345572",17.4,"","S","train","0","adult","Mrs",2
561,"0",3,"male",28,0,0,"372622",7.75,"","Q","train","0","jove","Mr",1
562,"0",3,"male",40,0,0,"349251",7.8958,"","S","train","0","adult-gran","Mr",1
563,"0",2,"male",28,0,0,"218629",13.5,"","S","train","0","jove","Mr",1
564,"0",3,"male",28,0,0,"SOTON/OQ 392082",8.05,"","S","train","0","jove","Mr",1
565,"0",3,"female",28,0,0,"SOTON/O.Q. 392087",8.05,"","S","train","0","jove","Miss",1
566,"0",3,"male",24,2,0,"A/4 48871",24.15,"","S","train","0","jove","Mr",3
567,"0",3,"male",19,0,0,"349205",7.8958,"","S","train","0","nen","Mr",1
568,"0",3,"female",29,0,4,"349909",21.075,"","S","train","0","jove","Mrs",5
569,"0",3,"male",28,0,0,"2686",7.2292,"","C","train","0","jove","Mr",1
570,"1",3,"male",32,0,0,"350417",7.8542,"","S","train","0","adult","Mr",1
571,"1",2,"male",62,0,0,"S.W./PP 752",10.5,"","S","train","0","gran","Mr",1
572,"1",1,"female",53,2,0,"11769",51.4792,"C101","S","train","1","gran","Mrs",3
573,"1",1,"male",36,0,0,"PC 17474",26.3875,"E25","S","train","1","adult","Mr",1
574,"1",3,"female",28,0,0,"14312",7.75,"","Q","train","0","jove","Miss",1
575,"0",3,"male",16,0,0,"A/4. 20589",8.05,"","S","train","0","nen","Mr",1
576,"0",3,"male",19,0,0,"358585",14.5,"","S","train","0","nen","Mr",1
577,"1",2,"female",34,0,0,"243880",13,"","S","train","0","adult","Miss",1
578,"1",1,"female",39,1,0,"13507",55.9,"E44","S","train","1","adult","Mrs",2
579,"0",3,"female",28,1,0,"2689",14.4583,"","C","train","0","jove","Mrs",2
580,"1",3,"male",32,0,0,"STON/O 2. 3101286",7.925,"","S","train","0","adult","Mr",1
581,"1",2,"female",25,1,1,"237789",30,"","S","train","0","jove","Miss",3
582,"1",1,"female",39,1,1,"17421",110.8833,"C68","C","train","1","adult","Mrs",3
583,"0",2,"male",54,0,0,"28403",26,"","S","train","0","gran","Mr",1
584,"0",1,"male",36,0,0,"13049",40.125,"A10","C","train","1","adult","Mr",1
585,"0",3,"male",28,0,0,"3411",8.7125,"","C","train","0","jove","Mr",1
586,"1",1,"female",18,0,2,"110413",79.65,"E68","S","train","1","nen","Miss",3
587,"0",2,"male",47,0,0,"237565",15,"","S","train","0","adult-gran","Mr",1
588,"1",1,"male",60,1,1,"13567",79.2,"B41","C","train","1","gran","Mr",3
589,"0",3,"male",22,0,0,"14973",8.05,"","S","train","0","jove","Mr",1
590,"0",3,"male",28,0,0,"A./5. 3235",8.05,"","S","train","0","jove","Mr",1
591,"0",3,"male",35,0,0,"STON/O 2. 3101273",7.125,"","S","train","0","adult","Mr",1
592,"1",1,"female",52,1,0,"36947",78.2667,"D20","C","train","1","adult-gran","Mrs",2
593,"0",3,"male",47,0,0,"A/5 3902",7.25,"","S","train","0","adult-gran","Mr",1
594,"0",3,"female",28,0,2,"364848",7.75,"","Q","train","0","jove","Miss",3
595,"0",2,"male",37,1,0,"SC/AH 29037",26,"","S","train","0","adult","Mr",2
596,"0",3,"male",36,1,1,"345773",24.15,"","S","train","0","adult","Mr",3
597,"1",2,"female",28,0,0,"248727",33,"","S","train","0","jove","Miss",1
598,"0",3,"male",49,0,0,"LINE",0,"","S","train","0","adult-gran","Mr",1
599,"0",3,"male",28,0,0,"2664",7.225,"","C","train","0","jove","Mr",1
600,"1",1,"male",49,1,0,"PC 17485",56.9292,"A20","C","train","1","adult-gran","Mr",2
601,"1",2,"female",24,2,1,"243847",27,"","S","train","0","jove","Mrs",4
602,"0",3,"male",28,0,0,"349214",7.8958,"","S","train","0","jove","Mr",1
603,"0",1,"male",28,0,0,"113796",42.4,"","S","train","0","jove","Mr",1
604,"0",3,"male",44,0,0,"364511",8.05,"","S","train","0","adult-gran","Mr",1
605,"1",1,"male",35,0,0,"111426",26.55,"","C","train","0","adult","Mr",1
606,"0",3,"male",36,1,0,"349910",15.55,"","S","train","0","adult","Mr",2
607,"0",3,"male",30,0,0,"349246",7.8958,"","S","train","0","jove","Mr",1
608,"1",1,"male",27,0,0,"113804",30.5,"","S","train","0","jove","Mr",1
609,"1",2,"female",22,1,2,"SC/Paris 2123",41.5792,"","C","train","0","jove","Mrs",4
610,"1",1,"female",40,0,0,"PC 17582",153.4625,"C125","S","train","1","adult-gran","Miss",1
611,"0",3,"female",39,1,5,"347082",31.275,"","S","train","0","adult","Mrs",7
612,"0",3,"male",28,0,0,"SOTON/O.Q. 3101305",7.05,"","S","train","0","jove","Mr",1
613,"1",3,"female",28,1,0,"367230",15.5,"","Q","train","0","jove","Miss",2
614,"0",3,"male",28,0,0,"370377",7.75,"","Q","train","0","jove","Mr",1
615,"0",3,"male",35,0,0,"364512",8.05,"","S","train","0","adult","Mr",1
616,"1",2,"female",24,1,2,"220845",65,"","S","train","0","jove","Miss",4
617,"0",3,"male",34,1,1,"347080",14.4,"","S","train","0","adult","Mr",3
618,"0",3,"female",26,1,0,"A/5. 3336",16.1,"","S","train","0","jove","Mrs",2
619,"1",2,"female",4,2,1,"230136",39,"F4","S","train","1","nen","Miss",4
620,"0",2,"male",26,0,0,"31028",10.5,"","S","train","0","jove","Mr",1
621,"0",3,"male",27,1,0,"2659",14.4542,"","C","train","0","jove","Mr",2
622,"1",1,"male",42,1,0,"11753",52.5542,"D19","S","train","1","adult-gran","Mr",2
623,"1",3,"male",20,1,1,"2653",15.7417,"","C","train","0","jove","Mr",3
624,"0",3,"male",21,0,0,"350029",7.8542,"","S","train","0","jove","Mr",1
625,"0",3,"male",21,0,0,"54636",16.1,"","S","train","0","jove","Mr",1
626,"0",1,"male",61,0,0,"36963",32.3208,"D50","S","train","1","gran","Mr",1
627,"0",2,"male",57,0,0,"219533",12.35,"","Q","train","0","gran","Special",1
628,"1",1,"female",21,0,0,"13502",77.9583,"D9","S","train","1","jove","Miss",1
629,"0",3,"male",26,0,0,"349224",7.8958,"","S","train","0","jove","Mr",1
630,"0",3,"male",28,0,0,"334912",7.7333,"","Q","train","0","jove","Mr",1
631,"1",1,"male",80,0,0,"27042",30,"A23","S","train","1","gran","Mr",1
632,"0",3,"male",51,0,0,"347743",7.0542,"","S","train","0","adult-gran","Mr",1
633,"1",1,"male",32,0,0,"13214",30.5,"B50","C","train","1","adult","Special",1
634,"0",1,"male",28,0,0,"112052",0,"","S","train","0","jove","Mr",1
635,"0",3,"female",9,3,2,"347088",27.9,"","S","train","0","nen","Miss",6
636,"1",2,"female",28,0,0,"237668",13,"","S","train","0","jove","Miss",1
637,"0",3,"male",32,0,0,"STON/O 2. 3101292",7.925,"","S","train","0","adult","Mr",1
638,"0",2,"male",31,1,1,"C.A. 31921",26.25,"","S","train","0","adult","Mr",3
639,"0",3,"female",41,0,5,"3101295",39.6875,"","S","train","0","adult-gran","Mrs",6
640,"0",3,"male",28,1,0,"376564",16.1,"","S","train","0","jove","Mr",2
641,"0",3,"male",20,0,0,"350050",7.8542,"","S","train","0","jove","Mr",1
642,"1",1,"female",24,0,0,"PC 17477",69.3,"B35","C","train","1","jove","Special",1
643,"0",3,"female",2,3,2,"347088",27.9,"","S","train","0","nen","Miss",6
644,"1",3,"male",28,0,0,"1601",56.4958,"","S","train","0","jove","Mr",1
645,"1",3,"female",0.75,2,1,"2666",19.2583,"","C","train","0","nen","Miss",4
646,"1",1,"male",48,1,0,"PC 17572",76.7292,"D33","C","train","1","adult-gran","Mr",2
647,"0",3,"male",19,0,0,"349231",7.8958,"","S","train","0","nen","Mr",1
648,"1",1,"male",56,0,0,"13213",35.5,"A26","C","train","1","gran","Special",1
649,"0",3,"male",28,0,0,"S.O./P.P. 751",7.55,"","S","train","0","jove","Mr",1
650,"1",3,"female",23,0,0,"CA. 2314",7.55,"","S","train","0","jove","Miss",1
651,"0",3,"male",28,0,0,"349221",7.8958,"","S","train","0","jove","Mr",1
652,"1",2,"female",18,0,1,"231919",23,"","S","train","0","nen","Miss",2
653,"0",3,"male",21,0,0,"8475",8.4333,"","S","train","0","jove","Mr",1
654,"1",3,"female",28,0,0,"330919",7.8292,"","Q","train","0","jove","Miss",1
655,"0",3,"female",18,0,0,"365226",6.75,"","Q","train","0","nen","Miss",1
656,"0",2,"male",24,2,0,"S.O.C. 14879",73.5,"","S","train","0","jove","Mr",3
657,"0",3,"male",28,0,0,"349223",7.8958,"","S","train","0","jove","Mr",1
658,"0",3,"female",32,1,1,"364849",15.5,"","Q","train","0","adult","Mrs",3
659,"0",2,"male",23,0,0,"29751",13,"","S","train","0","jove","Mr",1
660,"0",1,"male",58,0,2,"35273",113.275,"D48","C","train","1","gran","Mr",3
661,"1",1,"male",50,2,0,"PC 17611",133.65,"","S","train","0","adult-gran","Special",3
662,"0",3,"male",40,0,0,"2623",7.225,"","C","train","0","adult-gran","Mr",1
663,"0",1,"male",47,0,0,"5727",25.5875,"E58","S","train","1","adult-gran","Mr",1
664,"0",3,"male",36,0,0,"349210",7.4958,"","S","train","0","adult","Mr",1
665,"1",3,"male",20,1,0,"STON/O 2. 3101285",7.925,"","S","train","0","jove","Mr",2
666,"0",2,"male",32,2,0,"S.O.C. 14879",73.5,"","S","train","0","adult","Mr",3
667,"0",2,"male",25,0,0,"234686",13,"","S","train","0","jove","Mr",1
668,"0",3,"male",28,0,0,"312993",7.775,"","S","train","0","jove","Mr",1
669,"0",3,"male",43,0,0,"A/5 3536",8.05,"","S","train","0","adult-gran","Mr",1
670,"1",1,"female",28,1,0,"19996",52,"C126","S","train","1","jove","Mrs",2
671,"1",2,"female",40,1,1,"29750",39,"","S","train","0","adult-gran","Mrs",3
672,"0",1,"male",31,1,0,"F.C. 12750",52,"B71","S","train","1","adult","Mr",2
673,"0",2,"male",70,0,0,"C.A. 24580",10.5,"","S","train","0","gran","Mr",1
674,"1",2,"male",31,0,0,"244270",13,"","S","train","0","adult","Mr",1
675,"0",2,"male",28,0,0,"239856",0,"","S","train","0","jove","Mr",1
676,"0",3,"male",18,0,0,"349912",7.775,"","S","train","0","nen","Mr",1
677,"0",3,"male",24.5,0,0,"342826",8.05,"","S","train","0","jove","Mr",1
678,"1",3,"female",18,0,0,"4138",9.8417,"","S","train","0","nen","Miss",1
679,"0",3,"female",43,1,6,"CA 2144",46.9,"","S","train","0","adult-gran","Mrs",8
680,"1",1,"male",36,0,1,"PC 17755",512.3292,"B51 B53 B55","C","train","1","adult","Mr",2
681,"0",3,"female",28,0,0,"330935",8.1375,"","Q","train","0","jove","Miss",1
682,"1",1,"male",27,0,0,"PC 17572",76.7292,"D49","C","train","1","jove","Mr",1
683,"0",3,"male",20,0,0,"6563",9.225,"","S","train","0","jove","Mr",1
684,"0",3,"male",14,5,2,"CA 2144",46.9,"","S","train","0","nen","Mr",8
685,"0",2,"male",60,1,1,"29750",39,"","S","train","0","gran","Mr",3
686,"0",2,"male",25,1,2,"SC/Paris 2123",41.5792,"","C","train","0","jove","Mr",4
687,"0",3,"male",14,4,1,"3101295",39.6875,"","S","train","0","nen","Mr",6
688,"0",3,"male",19,0,0,"349228",10.1708,"","S","train","0","nen","Mr",1
689,"0",3,"male",18,0,0,"350036",7.7958,"","S","train","0","nen","Mr",1
690,"1",1,"female",15,0,1,"24160",211.3375,"B5","S","train","1","nen","Miss",2
691,"1",1,"male",31,1,0,"17474",57,"B20","S","train","1","adult","Mr",2
692,"1",3,"female",4,0,1,"349256",13.4167,"","C","train","0","nen","Miss",2
693,"1",3,"male",28,0,0,"1601",56.4958,"","S","train","0","jove","Mr",1
694,"0",3,"male",25,0,0,"2672",7.225,"","C","train","0","jove","Mr",1
695,"0",1,"male",60,0,0,"113800",26.55,"","S","train","0","gran","Special",1
696,"0",2,"male",52,0,0,"248731",13.5,"","S","train","0","adult-gran","Mr",1
697,"0",3,"male",44,0,0,"363592",8.05,"","S","train","0","adult-gran","Mr",1
698,"1",3,"female",28,0,0,"35852",7.7333,"","Q","train","0","jove","Miss",1
699,"0",1,"male",49,1,1,"17421",110.8833,"C68","C","train","1","adult-gran","Mr",3
700,"0",3,"male",42,0,0,"348121",7.65,"F G63","S","train","1","adult-gran","Mr",1
701,"1",1,"female",18,1,0,"PC 17757",227.525,"C62 C64","C","train","1","nen","Mrs",2
702,"1",1,"male",35,0,0,"PC 17475",26.2875,"E24","S","train","1","adult","Mr",1
703,"0",3,"female",18,0,1,"2691",14.4542,"","C","train","0","nen","Miss",2
704,"0",3,"male",25,0,0,"36864",7.7417,"","Q","train","0","jove","Mr",1
705,"0",3,"male",26,1,0,"350025",7.8542,"","S","train","0","jove","Mr",2
706,"0",2,"male",39,0,0,"250655",26,"","S","train","0","adult","Mr",1
707,"1",2,"female",45,0,0,"223596",13.5,"","S","train","0","adult-gran","Mrs",1
708,"1",1,"male",42,0,0,"PC 17476",26.2875,"E24","S","train","1","adult-gran","Mr",1
709,"1",1,"female",22,0,0,"113781",151.55,"","S","train","0","jove","Miss",1
710,"1",3,"male",28,1,1,"2661",15.2458,"","C","train","0","jove","Master",3
711,"1",1,"female",24,0,0,"PC 17482",49.5042,"C90","C","train","1","jove","Special",1
712,"0",1,"male",28,0,0,"113028",26.55,"C124","S","train","1","jove","Mr",1
713,"1",1,"male",48,1,0,"19996",52,"C126","S","train","1","adult-gran","Mr",2
714,"0",3,"male",29,0,0,"7545",9.4833,"","S","train","0","jove","Mr",1
715,"0",2,"male",52,0,0,"250647",13,"","S","train","0","adult-gran","Mr",1
716,"0",3,"male",19,0,0,"348124",7.65,"F G73","S","train","1","nen","Mr",1
717,"1",1,"female",38,0,0,"PC 17757",227.525,"C45","C","train","1","adult","Miss",1
718,"1",2,"female",27,0,0,"34218",10.5,"E101","S","train","1","jove","Miss",1
719,"0",3,"male",28,0,0,"36568",15.5,"","Q","train","0","jove","Mr",1
720,"0",3,"male",33,0,0,"347062",7.775,"","S","train","0","adult","Mr",1
721,"1",2,"female",6,0,1,"248727",33,"","S","train","0","nen","Miss",2
722,"0",3,"male",17,1,0,"350048",7.0542,"","S","train","0","nen","Mr",2
723,"0",2,"male",34,0,0,"12233",13,"","S","train","0","adult","Mr",1
724,"0",2,"male",50,0,0,"250643",13,"","S","train","0","adult-gran","Mr",1
725,"1",1,"male",27,1,0,"113806",53.1,"E8","S","train","1","jove","Mr",2
726,"0",3,"male",20,0,0,"315094",8.6625,"","S","train","0","jove","Mr",1
727,"1",2,"female",30,3,0,"31027",21,"","S","train","0","jove","Mrs",4
728,"1",3,"female",28,0,0,"36866",7.7375,"","Q","train","0","jove","Miss",1
729,"0",2,"male",25,1,0,"236853",26,"","S","train","0","jove","Mr",2
730,"0",3,"female",25,1,0,"STON/O2. 3101271",7.925,"","S","train","0","jove","Miss",2
731,"1",1,"female",29,0,0,"24160",211.3375,"B5","S","train","1","jove","Miss",1
732,"0",3,"male",11,0,0,"2699",18.7875,"","C","train","0","nen","Mr",1
733,"0",2,"male",28,0,0,"239855",0,"","S","train","0","jove","Mr",1
734,"0",2,"male",23,0,0,"28425",13,"","S","train","0","jove","Mr",1
735,"0",2,"male",23,0,0,"233639",13,"","S","train","0","jove","Mr",1
736,"0",3,"male",28.5,0,0,"54636",16.1,"","S","train","0","jove","Mr",1
737,"0",3,"female",48,1,3,"W./C. 6608",34.375,"","S","train","0","adult-gran","Mrs",5
738,"1",1,"male",35,0,0,"PC 17755",512.3292,"B101","C","train","1","adult","Mr",1
739,"0",3,"male",28,0,0,"349201",7.8958,"","S","train","0","jove","Mr",1
740,"0",3,"male",28,0,0,"349218",7.8958,"","S","train","0","jove","Mr",1
741,"1",1,"male",28,0,0,"16988",30,"D45","S","train","1","jove","Mr",1
742,"0",1,"male",36,1,0,"19877",78.85,"C46","S","train","1","adult","Mr",2
743,"1",1,"female",21,2,2,"PC 17608",262.375,"B57 B59 B63 B66","C","train","1","jove","Miss",5
744,"0",3,"male",24,1,0,"376566",16.1,"","S","train","0","jove","Mr",2
745,"1",3,"male",31,0,0,"STON/O 2. 3101288",7.925,"","S","train","0","adult","Mr",1
746,"0",1,"male",70,1,1,"WE/P 5735",71,"B22","S","train","1","gran","Special",3
747,"0",3,"male",16,1,1,"C.A. 2673",20.25,"","S","train","0","nen","Mr",3
748,"1",2,"female",30,0,0,"250648",13,"","S","train","0","jove","Miss",1
749,"0",1,"male",19,1,0,"113773",53.1,"D30","S","train","1","nen","Mr",2
750,"0",3,"male",31,0,0,"335097",7.75,"","Q","train","0","adult","Mr",1
751,"1",2,"female",4,1,1,"29103",23,"","S","train","0","nen","Miss",3
752,"1",3,"male",6,0,1,"392096",12.475,"E121","S","train","1","nen","Master",2
753,"0",3,"male",33,0,0,"345780",9.5,"","S","train","0","adult","Mr",1
754,"0",3,"male",23,0,0,"349204",7.8958,"","S","train","0","jove","Mr",1
755,"1",2,"female",48,1,2,"220845",65,"","S","train","0","adult-gran","Mrs",4
756,"1",2,"male",0.67,1,1,"250649",14.5,"","S","train","0","nen","Master",3
757,"0",3,"male",28,0,0,"350042",7.7958,"","S","train","0","jove","Mr",1
758,"0",2,"male",18,0,0,"29108",11.5,"","S","train","0","nen","Mr",1
759,"0",3,"male",34,0,0,"363294",8.05,"","S","train","0","adult","Mr",1
760,"1",1,"female",33,0,0,"110152",86.5,"B77","S","train","1","adult","Special",1
761,"0",3,"male",28,0,0,"358585",14.5,"","S","train","0","jove","Mr",1
762,"0",3,"male",41,0,0,"SOTON/O2 3101272",7.125,"","S","train","0","adult-gran","Mr",1
763,"1",3,"male",20,0,0,"2663",7.2292,"","C","train","0","jove","Mr",1
764,"1",1,"female",36,1,2,"113760",120,"B96 B98","S","train","1","adult","Mrs",4
765,"0",3,"male",16,0,0,"347074",7.775,"","S","train","0","nen","Mr",1
766,"1",1,"female",51,1,0,"13502",77.9583,"D11","S","train","1","adult-gran","Mrs",2
767,"0",1,"male",28,0,0,"112379",39.6,"","C","train","0","jove","Special",1
768,"0",3,"female",30.5,0,0,"364850",7.75,"","Q","train","0","adult","Miss",1
769,"0",3,"male",28,1,0,"371110",24.15,"","Q","train","0","jove","Mr",2
770,"0",3,"male",32,0,0,"8471",8.3625,"","S","train","0","adult","Mr",1
771,"0",3,"male",24,0,0,"345781",9.5,"","S","train","0","jove","Mr",1
772,"0",3,"male",48,0,0,"350047",7.8542,"","S","train","0","adult-gran","Mr",1
773,"0",2,"female",57,0,0,"S.O./P.P. 3",10.5,"E77","S","train","1","gran","Mrs",1
774,"0",3,"male",28,0,0,"2674",7.225,"","C","train","0","jove","Mr",1
775,"1",2,"female",54,1,3,"29105",23,"","S","train","0","gran","Mrs",5
776,"0",3,"male",18,0,0,"347078",7.75,"","S","train","0","nen","Mr",1
777,"0",3,"male",28,0,0,"383121",7.75,"F38","Q","train","1","jove","Mr",1
778,"1",3,"female",5,0,0,"364516",12.475,"","S","train","0","nen","Miss",1
779,"0",3,"male",28,0,0,"36865",7.7375,"","Q","train","0","jove","Mr",1
780,"1",1,"female",43,0,1,"24160",211.3375,"B3","S","train","1","adult-gran","Mrs",2
781,"1",3,"female",13,0,0,"2687",7.2292,"","C","train","0","nen","Miss",1
782,"1",1,"female",17,1,0,"17474",57,"B20","S","train","1","nen","Mrs",2
783,"0",1,"male",29,0,0,"113501",30,"D6","S","train","1","jove","Mr",1
784,"0",3,"male",28,1,2,"W./C. 6607",23.45,"","S","train","0","jove","Mr",4
785,"0",3,"male",25,0,0,"SOTON/O.Q. 3101312",7.05,"","S","train","0","jove","Mr",1
786,"0",3,"male",25,0,0,"374887",7.25,"","S","train","0","jove","Mr",1
787,"1",3,"female",18,0,0,"3101265",7.4958,"","S","train","0","nen","Miss",1
788,"0",3,"male",8,4,1,"382652",29.125,"","Q","train","0","nen","Master",6
789,"1",3,"male",1,1,2,"C.A. 2315",20.575,"","S","train","0","nen","Master",4
790,"0",1,"male",46,0,0,"PC 17593",79.2,"B82 B84","C","train","1","adult-gran","Mr",1
791,"0",3,"male",28,0,0,"12460",7.75,"","Q","train","0","jove","Mr",1
792,"0",2,"male",16,0,0,"239865",26,"","S","train","0","nen","Mr",1
793,"0",3,"female",28,8,2,"CA. 2343",69.55,"","S","train","0","jove","Miss",11
794,"0",1,"male",28,0,0,"PC 17600",30.6958,"","C","train","0","jove","Mr",1
795,"0",3,"male",25,0,0,"349203",7.8958,"","S","train","0","jove","Mr",1
796,"0",2,"male",39,0,0,"28213",13,"","S","train","0","adult","Mr",1
797,"1",1,"female",49,0,0,"17465",25.9292,"D17","S","train","1","adult-gran","Special",1
798,"1",3,"female",31,0,0,"349244",8.6833,"","S","train","0","adult","Mrs",1
799,"0",3,"male",30,0,0,"2685",7.2292,"","C","train","0","jove","Mr",1
800,"0",3,"female",30,1,1,"345773",24.15,"","S","train","0","jove","Mrs",3
801,"0",2,"male",34,0,0,"250647",13,"","S","train","0","adult","Mr",1
802,"1",2,"female",31,1,1,"C.A. 31921",26.25,"","S","train","0","adult","Mrs",3
803,"1",1,"male",11,1,2,"113760",120,"B96 B98","S","train","1","nen","Master",4
804,"1",3,"male",0.42,0,1,"2625",8.5167,"","C","train","0","nen","Master",2
805,"1",3,"male",27,0,0,"347089",6.975,"","S","train","0","jove","Mr",1
806,"0",3,"male",31,0,0,"347063",7.775,"","S","train","0","adult","Mr",1
807,"0",1,"male",39,0,0,"112050",0,"A36","S","train","1","adult","Mr",1
808,"0",3,"female",18,0,0,"347087",7.775,"","S","train","0","nen","Miss",1
809,"0",2,"male",39,0,0,"248723",13,"","S","train","0","adult","Mr",1
810,"1",1,"female",33,1,0,"113806",53.1,"E8","S","train","1","adult","Mrs",2
811,"0",3,"male",26,0,0,"3474",7.8875,"","S","train","0","jove","Mr",1
812,"0",3,"male",39,0,0,"A/4 48871",24.15,"","S","train","0","adult","Mr",1
813,"0",2,"male",35,0,0,"28206",10.5,"","S","train","0","adult","Mr",1
814,"0",3,"female",6,4,2,"347082",31.275,"","S","train","0","nen","Miss",7
815,"0",3,"male",30.5,0,0,"364499",8.05,"","S","train","0","adult","Mr",1
816,"0",1,"male",28,0,0,"112058",0,"B102","S","train","1","jove","Mr",1
817,"0",3,"female",23,0,0,"STON/O2. 3101290",7.925,"","S","train","0","jove","Miss",1
818,"0",2,"male",31,1,1,"S.C./PARIS 2079",37.0042,"","C","train","0","adult","Mr",3
819,"0",3,"male",43,0,0,"C 7075",6.45,"","S","train","0","adult-gran","Mr",1
820,"0",3,"male",10,3,2,"347088",27.9,"","S","train","0","nen","Master",6
821,"1",1,"female",52,1,1,"12749",93.5,"B69","S","train","1","adult-gran","Mrs",3
822,"1",3,"male",27,0,0,"315098",8.6625,"","S","train","0","jove","Mr",1
823,"0",1,"male",38,0,0,"19972",0,"","S","train","0","adult","Special",1
824,"1",3,"female",27,0,1,"392096",12.475,"E121","S","train","1","jove","Mrs",2
825,"0",3,"male",2,4,1,"3101295",39.6875,"","S","train","0","nen","Master",6
826,"0",3,"male",28,0,0,"368323",6.95,"","Q","train","0","jove","Mr",1
827,"0",3,"male",28,0,0,"1601",56.4958,"","S","train","0","jove","Mr",1
828,"1",2,"male",1,0,2,"S.C./PARIS 2079",37.0042,"","C","train","0","nen","Master",3
829,"1",3,"male",28,0,0,"367228",7.75,"","Q","train","0","jove","Mr",1
830,"1",1,"female",62,0,0,"113572",80,"B28","S","train","1","gran","Mrs",1
831,"1",3,"female",15,1,0,"2659",14.4542,"","C","train","0","nen","Mrs",2
832,"1",2,"male",0.83,1,1,"29106",18.75,"","S","train","0","nen","Master",3
833,"0",3,"male",28,0,0,"2671",7.2292,"","C","train","0","jove","Mr",1
834,"0",3,"male",23,0,0,"347468",7.8542,"","S","train","0","jove","Mr",1
835,"0",3,"male",18,0,0,"2223",8.3,"","S","train","0","nen","Mr",1
836,"1",1,"female",39,1,1,"PC 17756",83.1583,"E49","C","train","1","adult","Miss",3
837,"0",3,"male",21,0,0,"315097",8.6625,"","S","train","0","jove","Mr",1
838,"0",3,"male",28,0,0,"392092",8.05,"","S","train","0","jove","Mr",1
839,"1",3,"male",32,0,0,"1601",56.4958,"","S","train","0","adult","Mr",1
840,"1",1,"male",28,0,0,"11774",29.7,"C47","C","train","1","jove","Mr",1
841,"0",3,"male",20,0,0,"SOTON/O2 3101287",7.925,"","S","train","0","jove","Mr",1
842,"0",2,"male",16,0,0,"S.O./P.P. 3",10.5,"","S","train","0","nen","Mr",1
843,"1",1,"female",30,0,0,"113798",31,"","C","train","0","jove","Miss",1
844,"0",3,"male",34.5,0,0,"2683",6.4375,"","C","train","0","adult","Mr",1
845,"0",3,"male",17,0,0,"315090",8.6625,"","S","train","0","nen","Mr",1
846,"0",3,"male",42,0,0,"C.A. 5547",7.55,"","S","train","0","adult-gran","Mr",1
847,"0",3,"male",28,8,2,"CA. 2343",69.55,"","S","train","0","jove","Mr",11
848,"0",3,"male",35,0,0,"349213",7.8958,"","C","train","0","adult","Mr",1
849,"0",2,"male",28,0,1,"248727",33,"","S","train","0","jove","Special",2
850,"1",1,"female",28,1,0,"17453",89.1042,"C92","C","train","1","jove","Mrs",2
851,"0",3,"male",4,4,2,"347082",31.275,"","S","train","0","nen","Master",7
852,"0",3,"male",74,0,0,"347060",7.775,"","S","train","0","gran","Mr",1
853,"0",3,"female",9,1,1,"2678",15.2458,"","C","train","0","nen","Miss",3
854,"1",1,"female",16,0,1,"PC 17592",39.4,"D28","S","train","1","nen","Miss",2
855,"0",2,"female",44,1,0,"244252",26,"","S","train","0","adult-gran","Mrs",2
856,"1",3,"female",18,0,1,"392091",9.35,"","S","train","0","nen","Mrs",2
857,"1",1,"female",45,1,1,"36928",164.8667,"","S","train","0","adult-gran","Mrs",3
858,"1",1,"male",51,0,0,"113055",26.55,"E17","S","train","1","adult-gran","Mr",1
859,"1",3,"female",24,0,3,"2666",19.2583,"","C","train","0","jove","Mrs",4
860,"0",3,"male",28,0,0,"2629",7.2292,"","C","train","0","jove","Mr",1
861,"0",3,"male",41,2,0,"350026",14.1083,"","S","train","0","adult-gran","Mr",3
862,"0",2,"male",21,1,0,"28134",11.5,"","S","train","0","jove","Mr",2
863,"1",1,"female",48,0,0,"17466",25.9292,"D17","S","train","1","adult-gran","Mrs",1
864,"0",3,"female",28,8,2,"CA. 2343",69.55,"","S","train","0","jove","Miss",11
865,"0",2,"male",24,0,0,"233866",13,"","S","train","0","jove","Mr",1
866,"1",2,"female",42,0,0,"236852",13,"","S","train","0","adult-gran","Mrs",1
867,"1",2,"female",27,1,0,"SC/PARIS 2149",13.8583,"","C","train","0","jove","Miss",2
868,"0",1,"male",31,0,0,"PC 17590",50.4958,"A24","S","train","1","adult","Mr",1
869,"0",3,"male",28,0,0,"345777",9.5,"","S","train","0","jove","Mr",1
870,"1",3,"male",4,1,1,"347742",11.1333,"","S","train","0","nen","Master",3
871,"0",3,"male",26,0,0,"349248",7.8958,"","S","train","0","jove","Mr",1
872,"1",1,"female",47,1,1,"11751",52.5542,"D35","S","train","1","adult-gran","Mrs",3
873,"0",1,"male",33,0,0,"695",5,"B51 B53 B55","S","train","1","adult","Mr",1
874,"0",3,"male",47,0,0,"345765",9,"","S","train","0","adult-gran","Mr",1
875,"1",2,"female",28,1,0,"P/PP 3381",24,"","C","train","0","jove","Mrs",2
876,"1",3,"female",15,0,0,"2667",7.225,"","C","train","0","nen","Miss",1
877,"0",3,"male",20,0,0,"7534",9.8458,"","S","train","0","jove","Mr",1
878,"0",3,"male",19,0,0,"349212",7.8958,"","S","train","0","nen","Mr",1
879,"0",3,"male",28,0,0,"349217",7.8958,"","S","train","0","jove","Mr",1
880,"1",1,"female",56,0,1,"11767",83.1583,"C50","C","train","1","gran","Mrs",2
881,"1",2,"female",25,0,1,"230433",26,"","S","train","0","jove","Mrs",2
882,"0",3,"male",33,0,0,"349257",7.8958,"","S","train","0","adult","Mr",1
883,"0",3,"female",22,0,0,"7552",10.5167,"","S","train","0","jove","Miss",1
884,"0",2,"male",28,0,0,"C.A./SOTON 34068",10.5,"","S","train","0","jove","Mr",1
885,"0",3,"male",25,0,0,"SOTON/OQ 392076",7.05,"","S","train","0","jove","Mr",1
886,"0",3,"female",39,0,5,"382652",29.125,"","Q","train","0","adult","Mrs",6
887,"0",2,"male",27,0,0,"211536",13,"","S","train","0","jove","Special",1
888,"1",1,"female",19,0,0,"112053",30,"B42","S","train","1","nen","Miss",1
889,"0",3,"female",28,1,2,"W./C. 6607",23.45,"","S","train","0","jove","Miss",4
890,"1",1,"male",26,0,0,"111369",30,"C148","C","train","1","jove","Mr",1
891,"0",3,"male",32,0,0,"370376",7.75,"","Q","train","0","adult","Mr",1
892,NA,3,"male",34.5,0,0,"330911",7.8292,"","Q","test","0","adult","Mr",1
893,NA,3,"female",47,1,0,"363272",7,"","S","test","0","adult-gran","Mrs",2
894,NA,2,"male",62,0,0,"240276",9.6875,"","Q","test","0","gran","Mr",1
895,NA,3,"male",27,0,0,"315154",8.6625,"","S","test","0","jove","Mr",1
896,NA,3,"female",22,1,1,"3101298",12.2875,"","S","test","0","jove","Mrs",3
897,NA,3,"male",14,0,0,"7538",9.225,"","S","test","0","nen","Mr",1
898,NA,3,"female",30,0,0,"330972",7.6292,"","Q","test","0","jove","Miss",1
899,NA,2,"male",26,1,1,"248738",29,"","S","test","0","jove","Mr",3
900,NA,3,"female",18,0,0,"2657",7.2292,"","C","test","0","nen","Mrs",1
901,NA,3,"male",21,2,0,"A/4 48871",24.15,"","S","test","0","jove","Mr",3
902,NA,3,"male",28,0,0,"349220",7.8958,"","S","test","0","jove","Mr",1
903,NA,1,"male",46,0,0,"694",26,"","S","test","0","adult-gran","Mr",1
904,NA,1,"female",23,1,0,"21228",82.2667,"B45","S","test","1","jove","Mrs",2
905,NA,2,"male",63,1,0,"24065",26,"","S","test","0","gran","Mr",2
906,NA,1,"female",47,1,0,"W.E.P. 5734",61.175,"E31","S","test","1","adult-gran","Mrs",2
907,NA,2,"female",24,1,0,"SC/PARIS 2167",27.7208,"","C","test","0","jove","Mrs",2
908,NA,2,"male",35,0,0,"233734",12.35,"","Q","test","0","adult","Mr",1
909,NA,3,"male",21,0,0,"2692",7.225,"","C","test","0","jove","Mr",1
910,NA,3,"female",27,1,0,"STON/O2. 3101270",7.925,"","S","test","0","jove","Miss",2
911,NA,3,"female",45,0,0,"2696",7.225,"","C","test","0","adult-gran","Mrs",1
912,NA,1,"male",55,1,0,"PC 17603",59.4,"","C","test","0","gran","Mr",2
913,NA,3,"male",9,0,1,"C 17368",3.1708,"","S","test","0","nen","Master",2
914,NA,1,"female",28,0,0,"PC 17598",31.6833,"","S","test","0","jove","Mrs",1
915,NA,1,"male",21,0,1,"PC 17597",61.3792,"","C","test","0","jove","Mr",2
916,NA,1,"female",48,1,3,"PC 17608",262.375,"B57 B59 B63 B66","C","test","1","adult-gran","Mrs",5
917,NA,3,"male",50,1,0,"A/5. 3337",14.5,"","S","test","0","adult-gran","Mr",2
918,NA,1,"female",22,0,1,"113509",61.9792,"B36","C","test","1","jove","Miss",2
919,NA,3,"male",22.5,0,0,"2698",7.225,"","C","test","0","jove","Mr",1
920,NA,1,"male",41,0,0,"113054",30.5,"A21","S","test","1","adult-gran","Mr",1
921,NA,3,"male",28,2,0,"2662",21.6792,"","C","test","0","jove","Mr",3
922,NA,2,"male",50,1,0,"SC/AH 3085",26,"","S","test","0","adult-gran","Mr",2
923,NA,2,"male",24,2,0,"C.A. 31029",31.5,"","S","test","0","jove","Mr",3
924,NA,3,"female",33,1,2,"C.A. 2315",20.575,"","S","test","0","adult","Mrs",4
925,NA,3,"female",28,1,2,"W./C. 6607",23.45,"","S","test","0","jove","Mrs",4
926,NA,1,"male",30,1,0,"13236",57.75,"C78","C","test","1","jove","Mr",2
927,NA,3,"male",18.5,0,0,"2682",7.2292,"","C","test","0","nen","Mr",1
928,NA,3,"female",28,0,0,"342712",8.05,"","S","test","0","jove","Miss",1
929,NA,3,"female",21,0,0,"315087",8.6625,"","S","test","0","jove","Miss",1
930,NA,3,"male",25,0,0,"345768",9.5,"","S","test","0","jove","Mr",1
931,NA,3,"male",28,0,0,"1601",56.4958,"","S","test","0","jove","Mr",1
932,NA,3,"male",39,0,1,"349256",13.4167,"","C","test","0","adult","Mr",2
933,NA,1,"male",28,0,0,"113778",26.55,"D34","S","test","1","jove","Mr",1
934,NA,3,"male",41,0,0,"SOTON/O.Q. 3101263",7.85,"","S","test","0","adult-gran","Mr",1
935,NA,2,"female",30,0,0,"237249",13,"","S","test","0","jove","Mrs",1
936,NA,1,"female",45,1,0,"11753",52.5542,"D19","S","test","1","adult-gran","Mrs",2
937,NA,3,"male",25,0,0,"STON/O 2. 3101291",7.925,"","S","test","0","jove","Mr",1
938,NA,1,"male",45,0,0,"PC 17594",29.7,"A9","C","test","1","adult-gran","Mr",1
939,NA,3,"male",28,0,0,"370374",7.75,"","Q","test","0","jove","Mr",1
940,NA,1,"female",60,0,0,"11813",76.2917,"D15","C","test","1","gran","Mrs",1
941,NA,3,"female",36,0,2,"C.A. 37671",15.9,"","S","test","0","adult","Mrs",3
942,NA,1,"male",24,1,0,"13695",60,"C31","S","test","1","jove","Mr",2
943,NA,2,"male",27,0,0,"SC/PARIS 2168",15.0333,"","C","test","0","jove","Mr",1
944,NA,2,"female",20,2,1,"29105",23,"","S","test","0","jove","Miss",4
945,NA,1,"female",28,3,2,"19950",263,"C23 C25 C27","S","test","1","jove","Miss",6
946,NA,2,"male",28,0,0,"SC/A.3 2861",15.5792,"","C","test","0","jove","Mr",1
947,NA,3,"male",10,4,1,"382652",29.125,"","Q","test","0","nen","Master",6
948,NA,3,"male",35,0,0,"349230",7.8958,"","S","test","0","adult","Mr",1
949,NA,3,"male",25,0,0,"348122",7.65,"F G63","S","test","1","jove","Mr",1
950,NA,3,"male",28,1,0,"386525",16.1,"","S","test","0","jove","Mr",2
951,NA,1,"female",36,0,0,"PC 17608",262.375,"B61","C","test","1","adult","Miss",1
952,NA,3,"male",17,0,0,"349232",7.8958,"","S","test","0","nen","Mr",1
953,NA,2,"male",32,0,0,"237216",13.5,"","S","test","0","adult","Mr",1
954,NA,3,"male",18,0,0,"347090",7.75,"","S","test","0","nen","Mr",1
955,NA,3,"female",22,0,0,"334914",7.725,"","Q","test","0","jove","Miss",1
956,NA,1,"male",13,2,2,"PC 17608",262.375,"B57 B59 B63 B66","C","test","1","nen","Master",5
957,NA,2,"female",28,0,0,"F.C.C. 13534",21,"","S","test","0","jove","Mrs",1
958,NA,3,"female",18,0,0,"330963",7.8792,"","Q","test","0","nen","Miss",1
959,NA,1,"male",47,0,0,"113796",42.4,"","S","test","0","adult-gran","Mr",1
960,NA,1,"male",31,0,0,"2543",28.5375,"C53","C","test","1","adult","Mr",1
961,NA,1,"female",60,1,4,"19950",263,"C23 C25 C27","S","test","1","gran","Mrs",6
962,NA,3,"female",24,0,0,"382653",7.75,"","Q","test","0","jove","Miss",1
963,NA,3,"male",21,0,0,"349211",7.8958,"","S","test","0","jove","Mr",1
964,NA,3,"female",29,0,0,"3101297",7.925,"","S","test","0","jove","Miss",1
965,NA,1,"male",28.5,0,0,"PC 17562",27.7208,"D43","C","test","1","jove","Mr",1
966,NA,1,"female",35,0,0,"113503",211.5,"C130","C","test","1","adult","Miss",1
967,NA,1,"male",32.5,0,0,"113503",211.5,"C132","C","test","1","adult","Mr",1
968,NA,3,"male",28,0,0,"359306",8.05,"","S","test","0","jove","Mr",1
969,NA,1,"female",55,2,0,"11770",25.7,"C101","S","test","1","gran","Mrs",3
970,NA,2,"male",30,0,0,"248744",13,"","S","test","0","jove","Mr",1
971,NA,3,"female",24,0,0,"368702",7.75,"","Q","test","0","jove","Miss",1
972,NA,3,"male",6,1,1,"2678",15.2458,"","C","test","0","nen","Master",3
973,NA,1,"male",67,1,0,"PC 17483",221.7792,"C55 C57","S","test","1","gran","Mr",2
974,NA,1,"male",49,0,0,"19924",26,"","S","test","0","adult-gran","Mr",1
975,NA,3,"male",28,0,0,"349238",7.8958,"","S","test","0","jove","Mr",1
976,NA,2,"male",28,0,0,"240261",10.7083,"","Q","test","0","jove","Mr",1
977,NA,3,"male",28,1,0,"2660",14.4542,"","C","test","0","jove","Mr",2
978,NA,3,"female",27,0,0,"330844",7.8792,"","Q","test","0","jove","Miss",1
979,NA,3,"female",18,0,0,"A/4 31416",8.05,"","S","test","0","nen","Miss",1
980,NA,3,"female",28,0,0,"364856",7.75,"","Q","test","0","jove","Miss",1
981,NA,2,"male",2,1,1,"29103",23,"","S","test","0","nen","Master",3
982,NA,3,"female",22,1,0,"347072",13.9,"","S","test","0","jove","Mrs",2
983,NA,3,"male",28,0,0,"345498",7.775,"","S","test","0","jove","Mr",1
984,NA,1,"female",27,1,2,"F.C. 12750",52,"B71","S","test","1","jove","Mrs",4
985,NA,3,"male",28,0,0,"376563",8.05,"","S","test","0","jove","Mr",1
986,NA,1,"male",25,0,0,"13905",26,"","C","test","0","jove","Mr",1
987,NA,3,"male",25,0,0,"350033",7.7958,"","S","test","0","jove","Mr",1
988,NA,1,"female",76,1,0,"19877",78.85,"C46","S","test","1","gran","Mrs",2
989,NA,3,"male",29,0,0,"STON/O 2. 3101268",7.925,"","S","test","0","jove","Mr",1
990,NA,3,"female",20,0,0,"347471",7.8542,"","S","test","0","jove","Miss",1
991,NA,3,"male",33,0,0,"A./5. 3338",8.05,"","S","test","0","adult","Mr",1
992,NA,1,"female",43,1,0,"11778",55.4417,"C116","C","test","1","adult-gran","Mrs",2
993,NA,2,"male",27,1,0,"228414",26,"","S","test","0","jove","Mr",2
994,NA,3,"male",28,0,0,"365235",7.75,"","Q","test","0","jove","Mr",1
995,NA,3,"male",26,0,0,"347070",7.775,"","S","test","0","jove","Mr",1
996,NA,3,"female",16,1,1,"2625",8.5167,"","C","test","0","nen","Mrs",3
997,NA,3,"male",28,0,0,"C 4001",22.525,"","S","test","0","jove","Mr",1
998,NA,3,"male",21,0,0,"330920",7.8208,"","Q","test","0","jove","Mr",1
999,NA,3,"male",28,0,0,"383162",7.75,"","Q","test","0","jove","Mr",1
1000,NA,3,"male",28,0,0,"3410",8.7125,"","S","test","0","jove","Mr",1
1001,NA,2,"male",18.5,0,0,"248734",13,"F","S","test","1","nen","Mr",1
1002,NA,2,"male",41,0,0,"237734",15.0458,"","C","test","0","adult-gran","Mr",1
1003,NA,3,"female",28,0,0,"330968",7.7792,"","Q","test","0","jove","Miss",1
1004,NA,1,"female",36,0,0,"PC 17531",31.6792,"A29","C","test","1","adult","Miss",1
1005,NA,3,"female",18.5,0,0,"329944",7.2833,"","Q","test","0","nen","Miss",1
1006,NA,1,"female",63,1,0,"PC 17483",221.7792,"C55 C57","S","test","1","gran","Mrs",2
1007,NA,3,"male",18,1,0,"2680",14.4542,"","C","test","0","nen","Mr",2
1008,NA,3,"male",28,0,0,"2681",6.4375,"","C","test","0","jove","Mr",1
1009,NA,3,"female",1,1,1,"PP 9549",16.7,"G6","S","test","1","nen","Miss",3
1010,NA,1,"male",36,0,0,"13050",75.2417,"C6","C","test","1","adult","Mr",1
1011,NA,2,"female",29,1,0,"SC/AH 29037",26,"","S","test","0","jove","Mrs",2
1012,NA,2,"female",12,0,0,"C.A. 33595",15.75,"","S","test","0","nen","Miss",1
1013,NA,3,"male",28,1,0,"367227",7.75,"","Q","test","0","jove","Mr",2
1014,NA,1,"female",35,1,0,"13236",57.75,"C28","C","test","1","adult","Mrs",2
1015,NA,3,"male",28,0,0,"392095",7.25,"","S","test","0","jove","Mr",1
1016,NA,3,"male",28,0,0,"368783",7.75,"","Q","test","0","jove","Mr",1
1017,NA,3,"female",17,0,1,"371362",16.1,"","S","test","0","nen","Miss",2
1018,NA,3,"male",22,0,0,"350045",7.7958,"","S","test","0","jove","Mr",1
1019,NA,3,"female",28,2,0,"367226",23.25,"","Q","test","0","jove","Miss",3
1020,NA,2,"male",42,0,0,"211535",13,"","S","test","0","adult-gran","Mr",1
1021,NA,3,"male",24,0,0,"342441",8.05,"","S","test","0","jove","Mr",1
1022,NA,3,"male",32,0,0,"STON/OQ. 369943",8.05,"","S","test","0","adult","Mr",1
1023,NA,1,"male",53,0,0,"113780",28.5,"C51","C","test","1","gran","Special",1
1024,NA,3,"female",28,0,4,"4133",25.4667,"","S","test","0","jove","Mrs",5
1025,NA,3,"male",28,1,0,"2621",6.4375,"","C","test","0","jove","Mr",2
1026,NA,3,"male",43,0,0,"349226",7.8958,"","S","test","0","adult-gran","Mr",1
1027,NA,3,"male",24,0,0,"350409",7.8542,"","S","test","0","jove","Mr",1
1028,NA,3,"male",26.5,0,0,"2656",7.225,"","C","test","0","jove","Mr",1
1029,NA,2,"male",26,0,0,"248659",13,"","S","test","0","jove","Mr",1
1030,NA,3,"female",23,0,0,"SOTON/OQ 392083",8.05,"","S","test","0","jove","Miss",1
1031,NA,3,"male",40,1,6,"CA 2144",46.9,"","S","test","0","adult-gran","Mr",8
1032,NA,3,"female",10,5,2,"CA 2144",46.9,"","S","test","0","nen","Miss",8
1033,NA,1,"female",33,0,0,"113781",151.55,"","S","test","0","adult","Miss",1
1034,NA,1,"male",61,1,3,"PC 17608",262.375,"B57 B59 B63 B66","C","test","1","gran","Mr",5
1035,NA,2,"male",28,0,0,"244358",26,"","S","test","0","jove","Mr",1
1036,NA,1,"male",42,0,0,"17475",26.55,"","S","test","0","adult-gran","Mr",1
1037,NA,3,"male",31,3,0,"345763",18,"","S","test","0","adult","Mr",4
1038,NA,1,"male",28,0,0,"17463",51.8625,"E46","S","test","1","jove","Mr",1
1039,NA,3,"male",22,0,0,"SC/A4 23568",8.05,"","S","test","0","jove","Mr",1
1040,NA,1,"male",28,0,0,"113791",26.55,"","S","test","0","jove","Mr",1
1041,NA,2,"male",30,1,1,"250651",26,"","S","test","0","jove","Special",3
1042,NA,1,"female",23,0,1,"11767",83.1583,"C54","C","test","1","jove","Mrs",2
1043,NA,3,"male",28,0,0,"349255",7.8958,"","C","test","0","jove","Mr",1
1044,NA,3,"male",60.5,0,0,"3701",14.4542,"","S","test","0","gran","Mr",1
1045,NA,3,"female",36,0,2,"350405",12.1833,"","S","test","0","adult","Mrs",3
1046,NA,3,"male",13,4,2,"347077",31.3875,"","S","test","0","nen","Master",7
1047,NA,3,"male",24,0,0,"S.O./P.P. 752",7.55,"","S","test","0","jove","Mr",1
1048,NA,1,"female",29,0,0,"PC 17483",221.7792,"C97","S","test","1","jove","Miss",1
1049,NA,3,"female",23,0,0,"347469",7.8542,"","S","test","0","jove","Miss",1
1050,NA,1,"male",42,0,0,"110489",26.55,"D22","S","test","1","adult-gran","Mr",1
1051,NA,3,"female",26,0,2,"SOTON/O.Q. 3101315",13.775,"","S","test","0","jove","Mrs",3
1052,NA,3,"female",28,0,0,"335432",7.7333,"","Q","test","0","jove","Miss",1
1053,NA,3,"male",7,1,1,"2650",15.2458,"","C","test","0","nen","Master",3
1054,NA,2,"female",26,0,0,"220844",13.5,"","S","test","0","jove","Miss",1
1055,NA,3,"male",28,0,0,"343271",7,"","S","test","0","jove","Mr",1
1056,NA,2,"male",41,0,0,"237393",13,"","S","test","0","adult-gran","Special",1
1057,NA,3,"female",26,1,1,"315153",22.025,"","S","test","0","jove","Mrs",3
1058,NA,1,"male",48,0,0,"PC 17591",50.4958,"B10","C","test","1","adult-gran","Mr",1
1059,NA,3,"male",18,2,2,"W./C. 6608",34.375,"","S","test","0","nen","Mr",5
1060,NA,1,"female",28,0,0,"17770",27.7208,"","C","test","0","jove","Mrs",1
1061,NA,3,"female",22,0,0,"7548",8.9625,"","S","test","0","jove","Miss",1
1062,NA,3,"male",28,0,0,"S.O./P.P. 251",7.55,"","S","test","0","jove","Mr",1
1063,NA,3,"male",27,0,0,"2670",7.225,"","C","test","0","jove","Mr",1
1064,NA,3,"male",23,1,0,"347072",13.9,"","S","test","0","jove","Mr",2
1065,NA,3,"male",28,0,0,"2673",7.2292,"","C","test","0","jove","Mr",1
1066,NA,3,"male",40,1,5,"347077",31.3875,"","S","test","0","adult-gran","Mr",7
1067,NA,2,"female",15,0,2,"29750",39,"","S","test","0","nen","Miss",3
1068,NA,2,"female",20,0,0,"C.A. 33112",36.75,"","S","test","0","jove","Miss",1
1069,NA,1,"male",54,1,0,"11778",55.4417,"C116","C","test","1","gran","Mr",2
1070,NA,2,"female",36,0,3,"230136",39,"F4","S","test","1","adult","Mrs",4
1071,NA,1,"female",64,0,2,"PC 17756",83.1583,"E45","C","test","1","gran","Mrs",3
1072,NA,2,"male",30,0,0,"233478",13,"","S","test","0","jove","Mr",1
1073,NA,1,"male",37,1,1,"PC 17756",83.1583,"E52","C","test","1","adult","Mr",3
1074,NA,1,"female",18,1,0,"113773",53.1,"D30","S","test","1","nen","Mrs",2
1075,NA,3,"male",28,0,0,"7935",7.75,"","Q","test","0","jove","Mr",1
1076,NA,1,"female",27,1,1,"PC 17558",247.5208,"B58 B60","C","test","1","jove","Mrs",3
1077,NA,2,"male",40,0,0,"239059",16,"","S","test","0","adult-gran","Mr",1
1078,NA,2,"female",21,0,1,"S.O./P.P. 2",21,"","S","test","0","jove","Miss",2
1079,NA,3,"male",17,2,0,"A/4 48873",8.05,"","S","test","0","nen","Mr",3
1080,NA,3,"female",28,8,2,"CA. 2343",69.55,"","S","test","0","jove","Miss",11
1081,NA,2,"male",40,0,0,"28221",13,"","S","test","0","adult-gran","Mr",1
1082,NA,2,"male",34,1,0,"226875",26,"","S","test","0","adult","Mr",2
1083,NA,1,"male",28,0,0,"111163",26,"","S","test","0","jove","Mr",1
1084,NA,3,"male",11.5,1,1,"A/5. 851",14.5,"","S","test","0","nen","Master",3
1085,NA,2,"male",61,0,0,"235509",12.35,"","Q","test","0","gran","Mr",1
1086,NA,2,"male",8,0,2,"28220",32.5,"","S","test","0","nen","Master",3
1087,NA,3,"male",33,0,0,"347465",7.8542,"","S","test","0","adult","Mr",1
1088,NA,1,"male",6,0,2,"16966",134.5,"E34","C","test","1","nen","Master",3
1089,NA,3,"female",18,0,0,"347066",7.775,"","S","test","0","nen","Miss",1
1090,NA,2,"male",23,0,0,"C.A. 31030",10.5,"","S","test","0","jove","Mr",1
1091,NA,3,"female",28,0,0,"65305",8.1125,"","S","test","0","jove","Mrs",1
1092,NA,3,"female",28,0,0,"36568",15.5,"","Q","test","0","jove","Miss",1
1093,NA,3,"male",0.33,0,2,"347080",14.4,"","S","test","0","nen","Master",3
1094,NA,1,"male",47,1,0,"PC 17757",227.525,"C62 C64","C","test","1","adult-gran","Special",2
1095,NA,2,"female",8,1,1,"26360",26,"","S","test","0","nen","Miss",3
1096,NA,2,"male",25,0,0,"C.A. 34050",10.5,"","S","test","0","jove","Mr",1
1097,NA,1,"male",28,0,0,"F.C. 12998",25.7417,"","C","test","0","jove","Mr",1
1098,NA,3,"female",35,0,0,"9232",7.75,"","Q","test","0","adult","Miss",1
1099,NA,2,"male",24,0,0,"28034",10.5,"","S","test","0","jove","Mr",1
1100,NA,1,"female",33,0,0,"PC 17613",27.7208,"A11","C","test","1","adult","Miss",1
1101,NA,3,"male",25,0,0,"349250",7.8958,"","S","test","0","jove","Mr",1
1102,NA,3,"male",32,0,0,"C 4001",22.525,"","S","test","0","adult","Mr",1
1103,NA,3,"male",28,0,0,"SOTON/O.Q. 3101308",7.05,"","S","test","0","jove","Mr",1
1104,NA,2,"male",17,0,0,"S.O.C. 14879",73.5,"","S","test","0","nen","Mr",1
1105,NA,2,"female",60,1,0,"24065",26,"","S","test","0","gran","Mrs",2
1106,NA,3,"female",38,4,2,"347091",7.775,"","S","test","0","adult","Miss",7
1107,NA,1,"male",42,0,0,"113038",42.5,"B11","S","test","1","adult-gran","Mr",1
1108,NA,3,"female",28,0,0,"330924",7.8792,"","Q","test","0","jove","Miss",1
1109,NA,1,"male",57,1,1,"36928",164.8667,"","S","test","0","gran","Mr",3
1110,NA,1,"female",50,1,1,"113503",211.5,"C80","C","test","1","adult-gran","Mrs",3
1111,NA,3,"male",28,0,0,"32302",8.05,"","S","test","0","jove","Mr",1
1112,NA,2,"female",30,1,0,"SC/PARIS 2148",13.8583,"","C","test","0","jove","Miss",2
1113,NA,3,"male",21,0,0,"342684",8.05,"","S","test","0","jove","Mr",1
1114,NA,2,"female",22,0,0,"W./C. 14266",10.5,"F33","S","test","1","jove","Mrs",1
1115,NA,3,"male",21,0,0,"350053",7.7958,"","S","test","0","jove","Mr",1
1116,NA,1,"female",53,0,0,"PC 17606",27.4458,"","C","test","0","gran","Mrs",1
1117,NA,3,"female",28,0,2,"2661",15.2458,"","C","test","0","jove","Mrs",3
1118,NA,3,"male",23,0,0,"350054",7.7958,"","S","test","0","jove","Mr",1
1119,NA,3,"female",28,0,0,"370368",7.75,"","Q","test","0","jove","Miss",1
1120,NA,3,"male",40.5,0,0,"C.A. 6212",15.1,"","S","test","0","adult-gran","Mr",1
1121,NA,2,"male",36,0,0,"242963",13,"","S","test","0","adult","Mr",1
1122,NA,2,"male",14,0,0,"220845",65,"","S","test","0","nen","Mr",1
1123,NA,1,"female",21,0,0,"113795",26.55,"","S","test","0","jove","Miss",1
1124,NA,3,"male",21,1,0,"3101266",6.4958,"","S","test","0","jove","Mr",2
1125,NA,3,"male",28,0,0,"330971",7.8792,"","Q","test","0","jove","Mr",1
1126,NA,1,"male",39,1,0,"PC 17599",71.2833,"C85","C","test","1","adult","Mr",2
1127,NA,3,"male",20,0,0,"350416",7.8542,"","S","test","0","jove","Mr",1
1128,NA,1,"male",64,1,0,"110813",75.25,"D37","C","test","1","gran","Mr",2
1129,NA,3,"male",20,0,0,"2679",7.225,"","C","test","0","jove","Mr",1
1130,NA,2,"female",18,1,1,"250650",13,"","S","test","0","nen","Miss",3
1131,NA,1,"female",48,1,0,"PC 17761",106.425,"C86","C","test","1","adult-gran","Mrs",2
1132,NA,1,"female",55,0,0,"112377",27.7208,"","C","test","0","gran","Mrs",1
1133,NA,2,"female",45,0,2,"237789",30,"","S","test","0","adult-gran","Mrs",3
1134,NA,1,"male",45,1,1,"16966",134.5,"E34","C","test","1","adult-gran","Mr",3
1135,NA,3,"male",28,0,0,"3470",7.8875,"","S","test","0","jove","Mr",1
1136,NA,3,"male",28,1,2,"W./C. 6607",23.45,"","S","test","0","jove","Master",4
1137,NA,1,"male",41,1,0,"17464",51.8625,"D21","S","test","1","adult-gran","Mr",2
1138,NA,2,"female",22,0,0,"F.C.C. 13534",21,"","S","test","0","jove","Mrs",1
1139,NA,2,"male",42,1,1,"28220",32.5,"","S","test","0","adult-gran","Mr",3
1140,NA,2,"female",29,1,0,"26707",26,"","S","test","0","jove","Mrs",2
1141,NA,3,"female",28,1,0,"2660",14.4542,"","C","test","0","jove","Mrs",2
1142,NA,2,"female",0.92,1,2,"C.A. 34651",27.75,"","S","test","0","nen","Miss",4
1143,NA,3,"male",20,0,0,"SOTON/O2 3101284",7.925,"","S","test","0","jove","Mr",1
1144,NA,1,"male",27,1,0,"13508",136.7792,"C89","C","test","1","jove","Mr",2
1145,NA,3,"male",24,0,0,"7266",9.325,"","S","test","0","jove","Mr",1
1146,NA,3,"male",32.5,0,0,"345775",9.5,"","S","test","0","adult","Mr",1
1147,NA,3,"male",28,0,0,"C.A. 42795",7.55,"","S","test","0","jove","Mr",1
1148,NA,3,"male",28,0,0,"AQ/4 3130",7.75,"","Q","test","0","jove","Mr",1
1149,NA,3,"male",28,0,0,"363611",8.05,"","S","test","0","jove","Mr",1
1150,NA,2,"female",19,0,0,"28404",13,"","S","test","0","nen","Miss",1
1151,NA,3,"male",21,0,0,"345501",7.775,"","S","test","0","jove","Mr",1
1152,NA,3,"male",36.5,1,0,"345572",17.4,"","S","test","0","adult","Mr",2
1153,NA,3,"male",21,0,0,"350410",7.8542,"","S","test","0","jove","Mr",1
1154,NA,2,"female",29,0,2,"29103",23,"","S","test","0","jove","Mrs",3
1155,NA,3,"female",1,1,1,"350405",12.1833,"","S","test","0","nen","Miss",3
1156,NA,2,"male",30,0,0,"C.A. 34644",12.7375,"","C","test","0","jove","Mr",1
1157,NA,3,"male",28,0,0,"349235",7.8958,"","S","test","0","jove","Mr",1
1158,NA,1,"male",28,0,0,"112051",0,"","S","test","0","jove","Mr",1
1159,NA,3,"male",28,0,0,"C.A. 49867",7.55,"","S","test","0","jove","Mr",1
1160,NA,3,"female",28,0,0,"A. 2. 39186",8.05,"","S","test","0","jove","Miss",1
1161,NA,3,"male",17,0,0,"315095",8.6625,"","S","test","0","nen","Mr",1
1162,NA,1,"male",46,0,0,"13050",75.2417,"C6","C","test","1","adult-gran","Mr",1
1163,NA,3,"male",28,0,0,"368573",7.75,"","Q","test","0","jove","Mr",1
1164,NA,1,"female",26,1,0,"13508",136.7792,"C89","C","test","1","jove","Mrs",2
1165,NA,3,"female",28,1,0,"370371",15.5,"","Q","test","0","jove","Miss",2
1166,NA,3,"male",28,0,0,"2676",7.225,"","C","test","0","jove","Mr",1
1167,NA,2,"female",20,1,0,"236853",26,"","S","test","0","jove","Miss",2
1168,NA,2,"male",28,0,0,"SC 14888",10.5,"","S","test","0","jove","Mr",1
1169,NA,2,"male",40,1,0,"2926",26,"","S","test","0","adult-gran","Mr",2
1170,NA,2,"male",30,1,0,"CA 31352",21,"","S","test","0","jove","Mr",2
1171,NA,2,"male",22,0,0,"W./C. 14260",10.5,"","S","test","0","jove","Mr",1
1172,NA,3,"female",23,0,0,"315085",8.6625,"","S","test","0","jove","Miss",1
1173,NA,3,"male",0.75,1,1,"SOTON/O.Q. 3101315",13.775,"","S","test","0","nen","Master",3
1174,NA,3,"female",28,0,0,"364859",7.75,"","Q","test","0","jove","Miss",1
1175,NA,3,"female",9,1,1,"2650",15.2458,"","C","test","0","nen","Miss",3
1176,NA,3,"female",2,1,1,"370129",20.2125,"","S","test","0","nen","Miss",3
1177,NA,3,"male",36,0,0,"A/5 21175",7.25,"","S","test","0","adult","Mr",1
1178,NA,3,"male",28,0,0,"SOTON/O.Q. 3101314",7.25,"","S","test","0","jove","Mr",1
1179,NA,1,"male",24,1,0,"21228",82.2667,"B45","S","test","1","jove","Mr",2
1180,NA,3,"male",28,0,0,"2655",7.2292,"F E46","C","test","1","jove","Mr",1
1181,NA,3,"male",28,0,0,"A/5 1478",8.05,"","S","test","0","jove","Mr",1
1182,NA,1,"male",28,0,0,"PC 17607",39.6,"","S","test","0","jove","Mr",1
1183,NA,3,"female",30,0,0,"382650",6.95,"","Q","test","0","jove","Miss",1
1184,NA,3,"male",28,0,0,"2652",7.2292,"","C","test","0","jove","Mr",1
1185,NA,1,"male",53,1,1,"33638",81.8583,"A34","S","test","1","gran","Special",3
1186,NA,3,"male",36,0,0,"345771",9.5,"","S","test","0","adult","Mr",1
1187,NA,3,"male",26,0,0,"349202",7.8958,"","S","test","0","jove","Mr",1
1188,NA,2,"female",1,1,2,"SC/Paris 2123",41.5792,"","C","test","0","nen","Miss",4
1189,NA,3,"male",28,2,0,"2662",21.6792,"","C","test","0","jove","Mr",3
1190,NA,1,"male",30,0,0,"113801",45.5,"","S","test","0","jove","Mr",1
1191,NA,3,"male",29,0,0,"347467",7.8542,"","S","test","0","jove","Mr",1
1192,NA,3,"male",32,0,0,"347079",7.775,"","S","test","0","adult","Mr",1
1193,NA,2,"male",28,0,0,"237735",15.0458,"D","C","test","1","jove","Mr",1
1194,NA,2,"male",43,0,1,"S.O./P.P. 2",21,"","S","test","0","adult-gran","Mr",2
1195,NA,3,"male",24,0,0,"315092",8.6625,"","S","test","0","jove","Mr",1
1196,NA,3,"female",28,0,0,"383123",7.75,"","Q","test","0","jove","Miss",1
1197,NA,1,"female",64,1,1,"112901",26.55,"B26","S","test","1","gran","Mrs",3
1198,NA,1,"male",30,1,2,"113781",151.55,"C22 C26","S","test","1","jove","Mr",4
1199,NA,3,"male",0.83,0,1,"392091",9.35,"","S","test","0","nen","Master",2
1200,NA,1,"male",55,1,1,"12749",93.5,"B69","S","test","1","gran","Mr",3
1201,NA,3,"female",45,1,0,"350026",14.1083,"","S","test","0","adult-gran","Mrs",2
1202,NA,3,"male",18,0,0,"315091",8.6625,"","S","test","0","nen","Mr",1
1203,NA,3,"male",22,0,0,"2658",7.225,"","C","test","0","jove","Mr",1
1204,NA,3,"male",28,0,0,"LP 1588",7.575,"","S","test","0","jove","Mr",1
1205,NA,3,"female",37,0,0,"368364",7.75,"","Q","test","0","adult","Miss",1
1206,NA,1,"female",55,0,0,"PC 17760",135.6333,"C32","C","test","1","gran","Mrs",1
1207,NA,3,"female",17,0,0,"AQ/3. 30631",7.7333,"","Q","test","0","nen","Miss",1
1208,NA,1,"male",57,1,0,"PC 17569",146.5208,"B78","C","test","1","gran","Mr",2
1209,NA,2,"male",19,0,0,"28004",10.5,"","S","test","0","nen","Mr",1
1210,NA,3,"male",27,0,0,"350408",7.8542,"","S","test","0","jove","Mr",1
1211,NA,2,"male",22,2,0,"C.A. 31029",31.5,"","S","test","0","jove","Mr",3
1212,NA,3,"male",26,0,0,"347075",7.775,"","S","test","0","jove","Mr",1
1213,NA,3,"male",25,0,0,"2654",7.2292,"F E57","C","test","1","jove","Mr",1
1214,NA,2,"male",26,0,0,"244368",13,"F2","S","test","1","jove","Mr",1
1215,NA,1,"male",33,0,0,"113790",26.55,"","S","test","0","adult","Mr",1
1216,NA,1,"female",39,0,0,"24160",211.3375,"","S","test","0","adult","Miss",1
1217,NA,3,"male",23,0,0,"SOTON/O.Q. 3101309",7.05,"","S","test","0","jove","Mr",1
1218,NA,2,"female",12,2,1,"230136",39,"F4","S","test","1","nen","Miss",4
1219,NA,1,"male",46,0,0,"PC 17585",79.2,"","C","test","0","adult-gran","Mr",1
1220,NA,2,"male",29,1,0,"2003",26,"","S","test","0","jove","Mr",2
1221,NA,2,"male",21,0,0,"236854",13,"","S","test","0","jove","Mr",1
1222,NA,2,"female",48,0,2,"C.A. 33112",36.75,"","S","test","0","adult-gran","Mrs",3
1223,NA,1,"male",39,0,0,"PC 17580",29.7,"A18","C","test","1","adult","Mr",1
1224,NA,3,"male",28,0,0,"2684",7.225,"","C","test","0","jove","Mr",1
1225,NA,3,"female",19,1,1,"2653",15.7417,"","C","test","0","nen","Mrs",3
1226,NA,3,"male",27,0,0,"349229",7.8958,"","S","test","0","jove","Mr",1
1227,NA,1,"male",30,0,0,"110469",26,"C106","S","test","1","jove","Mr",1
1228,NA,2,"male",32,0,0,"244360",13,"","S","test","0","adult","Mr",1
1229,NA,3,"male",39,0,2,"2675",7.2292,"","C","test","0","adult","Mr",3
1230,NA,2,"male",25,0,0,"C.A. 31029",31.5,"","S","test","0","jove","Mr",1
1231,NA,3,"male",28,0,0,"2622",7.2292,"","C","test","0","jove","Master",1
1232,NA,2,"male",18,0,0,"C.A. 15185",10.5,"","S","test","0","nen","Mr",1
1233,NA,3,"male",32,0,0,"350403",7.5792,"","S","test","0","adult","Mr",1
1234,NA,3,"male",28,1,9,"CA. 2343",69.55,"","S","test","0","jove","Mr",11
1235,NA,1,"female",58,0,1,"PC 17755",512.3292,"B51 B53 B55","C","test","1","gran","Mrs",2
1236,NA,3,"male",28,1,1,"A/5. 851",14.5,"","S","test","0","jove","Master",3
1237,NA,3,"female",16,0,0,"348125",7.65,"","S","test","0","nen","Miss",1
1238,NA,2,"male",26,0,0,"237670",13,"","S","test","0","jove","Mr",1
1239,NA,3,"female",38,0,0,"2688",7.2292,"","C","test","0","adult","Mrs",1
1240,NA,2,"male",24,0,0,"248726",13.5,"","S","test","0","jove","Mr",1
1241,NA,2,"female",31,0,0,"F.C.C. 13528",21,"","S","test","0","adult","Miss",1
1242,NA,1,"female",45,0,1,"PC 17759",63.3583,"D10 D12","C","test","1","adult-gran","Mrs",2
1243,NA,2,"male",25,0,0,"F.C.C. 13540",10.5,"","S","test","0","jove","Mr",1
1244,NA,2,"male",18,0,0,"S.O.C. 14879",73.5,"","S","test","0","nen","Mr",1
1245,NA,2,"male",49,1,2,"220845",65,"","S","test","0","adult-gran","Mr",4
1246,NA,3,"female",0.17,1,2,"C.A. 2315",20.575,"","S","test","0","nen","Miss",4
1247,NA,1,"male",50,0,0,"113044",26,"E60","S","test","1","adult-gran","Mr",1
1248,NA,1,"female",59,2,0,"11769",51.4792,"C101","S","test","1","gran","Mrs",3
1249,NA,3,"male",28,0,0,"1222",7.8792,"","S","test","0","jove","Mr",1
1250,NA,3,"male",28,0,0,"368402",7.75,"","Q","test","0","jove","Mr",1
1251,NA,3,"female",30,1,0,"349910",15.55,"","S","test","0","jove","Mrs",2
1252,NA,3,"male",14.5,8,2,"CA. 2343",69.55,"","S","test","0","nen","Master",11
1253,NA,2,"female",24,1,1,"S.C./PARIS 2079",37.0042,"","C","test","0","jove","Mrs",3
1254,NA,2,"female",31,0,0,"CA 31352",21,"","S","test","0","adult","Mrs",1
1255,NA,3,"male",27,0,0,"315083",8.6625,"","S","test","0","jove","Mr",1
1256,NA,1,"female",25,1,0,"11765",55.4417,"E50","C","test","1","jove","Mrs",2
1257,NA,3,"female",28,1,9,"CA. 2343",69.55,"","S","test","0","jove","Mrs",11
1258,NA,3,"male",28,1,0,"2689",14.4583,"","C","test","0","jove","Mr",2
1259,NA,3,"female",22,0,0,"3101295",39.6875,"","S","test","0","jove","Miss",1
1260,NA,1,"female",45,0,1,"112378",59.4,"","C","test","0","adult-gran","Mrs",2
1261,NA,2,"male",29,0,0,"SC/PARIS 2147",13.8583,"","C","test","0","jove","Mr",1
1262,NA,2,"male",21,1,0,"28133",11.5,"","S","test","0","jove","Mr",2
1263,NA,1,"female",31,0,0,"16966",134.5,"E39 E41","C","test","1","adult","Miss",1
1264,NA,1,"male",49,0,0,"112058",0,"B52 B54 B56","S","test","1","adult-gran","Mr",1
1265,NA,2,"male",44,0,0,"248746",13,"","S","test","0","adult-gran","Mr",1
1266,NA,1,"female",54,1,1,"33638",81.8583,"A34","S","test","1","gran","Mrs",3
1267,NA,1,"female",45,0,0,"PC 17608",262.375,"","C","test","0","adult-gran","Miss",1
1268,NA,3,"female",22,2,0,"315152",8.6625,"","S","test","0","jove","Miss",3
1269,NA,2,"male",21,0,0,"29107",11.5,"","S","test","0","jove","Mr",1
1270,NA,1,"male",55,0,0,"680",50,"C39","S","test","1","gran","Mr",1
1271,NA,3,"male",5,4,2,"347077",31.3875,"","S","test","0","nen","Master",7
1272,NA,3,"male",28,0,0,"366713",7.75,"","Q","test","0","jove","Mr",1
1273,NA,3,"male",26,0,0,"330910",7.8792,"","Q","test","0","jove","Mr",1
1274,NA,3,"female",28,0,0,"364498",14.5,"","S","test","0","jove","Mrs",1
1275,NA,3,"female",19,1,0,"376566",16.1,"","S","test","0","nen","Mrs",2
1276,NA,2,"male",28,0,0,"SC/PARIS 2159",12.875,"","S","test","0","jove","Mr",1
1277,NA,2,"female",24,1,2,"220845",65,"","S","test","0","jove","Miss",4
1278,NA,3,"male",24,0,0,"349911",7.775,"","S","test","0","jove","Mr",1
1279,NA,2,"male",57,0,0,"244346",13,"","S","test","0","gran","Mr",1
1280,NA,3,"male",21,0,0,"364858",7.75,"","Q","test","0","jove","Mr",1
1281,NA,3,"male",6,3,1,"349909",21.075,"","S","test","0","nen","Master",5
1282,NA,1,"male",23,0,0,"12749",93.5,"B24","S","test","1","jove","Mr",1
1283,NA,1,"female",51,0,1,"PC 17592",39.4,"D28","S","test","1","adult-gran","Mrs",2
1284,NA,3,"male",13,0,2,"C.A. 2673",20.25,"","S","test","0","nen","Master",3
1285,NA,2,"male",47,0,0,"C.A. 30769",10.5,"","S","test","0","adult-gran","Mr",1
1286,NA,3,"male",29,3,1,"315153",22.025,"","S","test","0","jove","Mr",5
1287,NA,1,"female",18,1,0,"13695",60,"C31","S","test","1","nen","Mrs",2
1288,NA,3,"male",24,0,0,"371109",7.25,"","Q","test","0","jove","Mr",1
1289,NA,1,"female",48,1,1,"13567",79.2,"B41","C","test","1","adult-gran","Mrs",3
1290,NA,3,"male",22,0,0,"347065",7.775,"","S","test","0","jove","Mr",1
1291,NA,3,"male",31,0,0,"21332",7.7333,"","Q","test","0","adult","Mr",1
1292,NA,1,"female",30,0,0,"36928",164.8667,"C7","S","test","1","jove","Miss",1
1293,NA,2,"male",38,1,0,"28664",21,"","S","test","0","adult","Mr",2
1294,NA,1,"female",22,0,1,"112378",59.4,"","C","test","0","jove","Miss",2
1295,NA,1,"male",17,0,0,"113059",47.1,"","S","test","0","nen","Mr",1
1296,NA,1,"male",43,1,0,"17765",27.7208,"D40","C","test","1","adult-gran","Mr",2
1297,NA,2,"male",20,0,0,"SC/PARIS 2166",13.8625,"D38","C","test","1","jove","Mr",1
1298,NA,2,"male",23,1,0,"28666",10.5,"","S","test","0","jove","Mr",2
1299,NA,1,"male",50,1,1,"113503",211.5,"C80","C","test","1","adult-gran","Mr",3
1300,NA,3,"female",28,0,0,"334915",7.7208,"","Q","test","0","jove","Miss",1
1301,NA,3,"female",3,1,1,"SOTON/O.Q. 3101315",13.775,"","S","test","0","nen","Miss",3
1302,NA,3,"female",28,0,0,"365237",7.75,"","Q","test","0","jove","Miss",1
1303,NA,1,"female",37,1,0,"19928",90,"C78","Q","test","1","adult","Mrs",2
1304,NA,3,"female",28,0,0,"347086",7.775,"","S","test","0","jove","Miss",1
1305,NA,3,"male",28,0,0,"A.5. 3236",8.05,"","S","test","0","jove","Mr",1
1306,NA,1,"female",39,0,0,"PC 17758",108.9,"C105","C","test","1","adult","Mrs",1
1307,NA,3,"male",38.5,0,0,"SOTON/O.Q. 3101262",7.25,"","S","test","0","adult","Mr",1
1308,NA,3,"male",28,0,0,"359309",8.05,"","S","test","0","jove","Mr",1
1309,NA,3,"male",28,1,1,"2668",22.3583,"","C","test","0","jove","Master",3
